ID,Real affinity,ffnn_1,ffnn_2,ffnn_3,ffnn_4,ffnn_5,ffnn_6,ffnn_7,ffnn_8,ffnn_9,ffnn_10,ffnn_11,ffnn_12,ffnn_13,ffnn_14,ffnn_15,wd_1,wd_2,wd_3,wd_4,wd_5,wd_6,wd_7,wd_8,wd_9,wd_10,wd_11,wd_12,wd_13,wd_14,wd_15,SCORCH_XGBT
1a30,4.3,0.00312597,0.06260699,0.01576668,0.24914795,0.02288252,0.07667646,0.0053916,0.02361286,0.09202453,0.02888468,0.0060102,0.02883646,0.0536738,0.05940515,0.01680154,0.00254664,0.00464904,0.00022513,0.00308108,0.06804058,0.00559297,0.02070099,0.04424161,0.04434398,0.00309059,0.0030767,0.04225796,0.00239384,0.01769134,0.01432362,0.03207
1bcu,3.28,0.00404799,0.0016675,0.00083679,0.00722802,0.00061175,0.02090743,0.00361165,0.01696002,0.01184025,0.00034967,0.00118491,0.00028175,0.02153397,0.00207144,0.02128559,0.07331106,0.00220919,0.00149298,0.00020927,0.00046223,4.0994382e-05,0.00904122,0.00148219,0.00054204,0.00040007,0.00039819,0.00097755,0.00864005,0.02076018,0.00046796,0.00086
1bzc,4.92,0.990482,0.98416245,0.9304044,0.9879657,0.98038554,0.9644179,0.9719237,0.99019706,0.9936739,0.98476636,0.9903339,0.9693314,0.9273567,0.98235816,0.9534164,0.9243047,0.9715111,0.9980277,0.93155247,0.9912065,0.9530767,0.9597683,0.9753138,0.9631609,0.93128026,0.98035383,0.97905254,0.922015,0.9834897,0.95379066,0.99759
1c5z,4.01,0.04038408,0.02585921,0.11398458,0.17745945,0.02518687,0.23150635,0.01456749,0.02497458,0.18142453,0.00830901,0.08248258,0.02767357,0.01854944,0.05344811,0.04275829,0.03029022,0.01054025,0.01014295,0.00059509,0.00280899,0.00997031,0.01445016,0.01653287,0.11064741,0.00383624,0.00164345,0.01919031,0.02329433,0.10285425,0.00296023,0.01407
1e66,9.89,0.77237976,0.31008452,0.35420358,0.6114381,0.02136916,0.27750716,0.17902699,0.7489055,0.12284821,0.42037782,0.44850373,0.59758973,0.5176203,0.33677673,0.6453085,0.9231529,0.04613125,0.40743318,0.5231841,0.4274611,0.5380948,0.21203196,0.31833002,0.7860186,0.20145354,0.19651327,0.06325036,0.42599162,0.09285805,0.1592156,0.07408
1eby,9.7,0.90664566,0.743986,0.8477131,0.9873114,0.706366,0.72326857,0.825191,0.83448553,0.8064922,0.9211461,0.74807835,0.878122,0.8504931,0.8830998,0.8906988,0.9059768,0.8762063,0.70819664,0.8960164,0.8782069,0.8674505,0.9087814,0.8096414,0.77346575,0.8015977,0.88797665,0.748338,0.9244957,0.8629707,0.95080245,0.98689
1g2k,7.96,0.02247253,0.0217168,0.06737509,0.03143096,0.01472318,0.01921654,0.00494856,0.05369484,0.07573959,0.00499478,0.00585827,0.00809538,0.12091872,0.02883837,0.04093182,0.00607187,0.01449713,0.0091033,0.01575437,0.01299757,0.00310239,0.0634501,0.04450759,0.00297192,0.00217324,0.03384244,0.14788839,0.01790729,0.0974887,0.01740211,0.18959
1gpk,5.37,0.6629334,0.1709679,0.3287441,0.9478607,0.47986254,0.12321004,0.11286908,0.53555757,0.48768952,0.672123,0.25239784,0.5813987,0.11078393,0.05959159,0.41351557,0.1099956,0.20876393,0.20916843,0.12021172,0.78237647,0.36049944,0.08490336,0.12843868,0.92273504,0.09069893,0.04088649,0.1820305,0.12874436,0.11810988,0.04945973,0.6406
1gpn,6.48,0.62844956,0.5433325,0.55235034,0.61898094,0.41761822,0.07919654,0.42077327,0.6477716,0.8411468,0.7164216,0.11700264,0.61966723,0.42655584,0.1885137,0.4775146,0.6340111,0.21764404,0.37153858,0.47332147,0.6897556,0.3214787,0.09537065,0.27339816,0.2367526,0.29298696,0.19051394,0.1058996,0.40474302,0.6566346,0.2303111,0.23499
1h22,9.1,0.51198184,0.07676953,0.18601245,0.37938672,0.00908774,0.25454217,0.11780125,0.6027092,0.04647535,0.04840243,0.15092981,0.06220472,0.6193126,0.07283026,0.43187013,0.39079633,0.3058849,0.10558039,0.57029444,0.02734429,0.23852018,0.20387232,0.02448863,0.13279521,0.1516065,0.30301008,0.01262227,0.12691432,0.22743511,0.41981247,0.45167
1h23,8.35,0.6300254,0.2990651,0.25879318,0.18495375,0.01064262,0.18578258,0.17741135,0.8495103,0.04085988,0.07140946,0.15620574,0.1166566,0.828702,0.14663798,0.54790354,0.5783078,0.33765864,0.19805682,0.6579566,0.01215246,0.4232937,0.2663086,0.04699019,0.15007454,0.29647094,0.3494385,0.01295686,0.21331874,0.29543155,0.55090797,0.40598
1k1i,6.58,0.38544086,0.1716541,0.01589289,0.499176,0.0723199,0.6411339,0.26736072,0.5511614,0.30547073,0.22818229,0.5502794,0.20581034,0.40817964,0.32136565,0.2610687,0.2931884,0.07367256,0.11414358,0.11125982,0.13245782,0.04361105,0.40661344,0.12352777,0.7328914,0.42885605,0.07637629,0.21416596,0.19825926,0.27688727,0.43449804,0.26011
1lpg,7.09,0.96875954,0.97249615,0.9446012,0.99599904,0.92823553,0.9334209,0.9244864,0.98087895,0.9922407,0.9815418,0.9537834,0.98005676,0.9143953,0.9122377,0.9122755,0.9192747,0.6273837,0.99936473,0.9121325,0.99079114,0.9526892,0.8980131,0.89879346,0.93319523,0.87195134,0.9664334,0.9008589,0.92065346,0.958835,0.9537288,0.66288
1mq6,11.15,0.9096546,0.35676217,0.30244964,0.12331772,0.04410291,0.48188367,0.05378333,0.7924948,0.02176809,0.36347327,0.88877076,0.03775483,0.82548857,0.7966669,0.3414308,0.60310346,0.6127177,0.32548183,0.13756621,0.96757144,0.2659052,0.6236532,0.71583533,0.94173837,0.11513299,0.17209849,0.16008559,0.18531406,0.35735095,0.07046413,0.22578
1nc1,6.12,0.9075912,0.7897644,0.85241085,0.75895125,0.5885665,0.57179445,0.23714194,0.77004474,0.8156915,0.34390968,0.9360167,0.85487664,0.82750535,0.8359413,0.8030541,0.8631759,0.787647,0.6713171,0.76986593,0.39377844,0.9139515,0.5607703,0.57819074,0.89858675,0.87185585,0.8922285,0.10369259,0.8852149,0.50211954,0.84792626,0.61512
1nc3,5.0,0.7436187,0.65673935,0.27835605,0.09936494,0.09103912,0.1350677,0.0404906,0.7457103,0.16810673,0.06984678,0.1916847,0.74555755,0.48382518,0.26994842,0.8374491,0.23186603,0.51711756,0.31952167,0.6104281,0.24777767,0.38024732,0.59677243,0.35453624,0.51741976,0.2700069,0.37800547,0.25262755,0.5510465,0.13108304,0.28971285,0.72903
1nvq,8.25,0.92006373,0.8631914,0.88514656,0.5498212,0.8990556,0.8459152,0.55532837,0.93766147,0.44526476,0.8802252,0.9695695,0.6459211,0.9005549,0.82403934,0.9099966,0.9068954,0.88128066,0.92060804,0.88520175,0.91584814,0.382791,0.8799168,0.83559537,0.8771124,0.8180444,0.82418185,0.92104554,0.8857105,0.87312436,0.6839067,0.71155
1o0h,5.92,0.23433012,0.47137737,0.0792979,0.05559304,0.25493288,0.07493165,0.02059451,0.24685407,0.04412061,0.01748797,0.61368877,0.8305459,0.60023916,0.32116297,0.3779934,0.45255136,0.15544397,0.45622426,0.2706027,0.06408462,0.01338258,0.2583739,0.3516723,0.03602818,0.1507099,0.01261032,0.07124209,0.26190904,0.33535665,0.45701763,0.87488
1o3f,7.96,0.9561236,0.711766,0.3149519,0.9766575,0.6365917,0.8421725,0.6785725,0.9132662,0.66324085,0.7124531,0.57498515,0.43396774,0.47763738,0.7956275,0.91024864,0.48898387,0.19200855,0.2250078,0.20795941,0.8570454,0.8983949,0.10137326,0.24362236,0.9200326,0.15929708,0.06703326,0.17169067,0.5223728,0.66773784,0.50105554,0.98301
1o5b,5.77,0.87450993,0.87916994,0.26446515,0.819854,0.1170691,0.67530996,0.07029849,0.72613555,0.69366425,0.38227355,0.42429754,0.23007444,0.45118958,0.86196846,0.6963042,0.6265251,0.34984243,0.05292675,0.11663514,0.43454945,0.29573572,0.34230503,0.2879811,0.9353628,0.1407626,0.02636617,0.89625967,0.50279766,0.4477206,0.06162825,0.44209
1owh,7.4,0.6659337,0.4063627,0.33178806,0.957095,0.2785589,0.45315602,0.21907666,0.49418578,0.24729744,0.30939752,0.19873267,0.35631877,0.21793586,0.42754555,0.38145888,0.4358391,0.10297847,0.05464917,0.04616448,0.1839273,0.56013155,0.05741376,0.10584539,0.87449384,0.06790006,0.02025816,0.01968616,0.16590849,0.12055629,0.23893261,0.36279
1oyt,7.24,0.47395045,0.75974226,0.69467276,0.88615775,0.861853,0.9014428,0.63386524,0.69072163,0.7396827,0.75801396,0.7945988,0.8344554,0.8593893,0.7165402,0.7596545,0.87492806,0.6464499,0.3717031,0.5395073,0.30710602,0.69442105,0.74498034,0.54100657,0.9597863,0.37545222,0.5449401,0.31512958,0.59934735,0.64926046,0.5851027,0.88662
1p1n,6.8,0.95035034,0.9524078,0.9639676,0.9944238,0.96097636,0.85310584,0.8877125,0.96413636,0.9857657,0.9641502,0.9700054,0.9457997,0.9144597,0.90836877,0.90565336,0.92260337,0.9092669,0.99480844,0.8967435,0.9753213,0.862576,0.88334525,0.9093735,0.9631028,0.89988434,0.9809388,0.9413471,0.9419364,0.9473198,0.9535372,0.99955
1p1q,4.89,0.9925754,0.9887867,0.9897084,0.9991506,0.9891138,0.9859156,0.9710634,0.98149455,0.99217737,0.9527458,0.9994127,0.9867705,0.9445046,0.97951686,0.9793565,0.92415583,0.9871671,0.99979347,0.93131584,0.9957506,0.95270586,0.9650185,0.985255,0.96310747,0.93165207,0.99889827,0.9875109,0.9597348,0.9959967,0.9537573,0.99981
1ps3,2.28,0.9871192,0.89484215,0.9348714,0.9674771,0.9515251,0.97037536,0.92507535,0.95716906,0.9612819,0.8925416,0.9738995,0.9116992,0.9169175,0.95619464,0.97542644,0.92397606,0.9733621,0.8782966,0.9253866,0.9385443,0.93365335,0.8641658,0.97571194,0.89404035,0.86814415,0.9933076,0.93133515,0.93834865,0.87539417,0.9535624,0.98524
1pxn,7.15,0.03483111,0.01245135,0.01142883,6.341394e-05,0.00473937,0.04177359,0.01514724,0.1593439,0.11281794,0.00798884,0.00146925,0.00502169,0.04548952,0.02529708,0.15298882,0.23116276,0.00706258,0.01038069,0.04989737,0.00836456,0.00019306,0.06763697,0.03084019,0.03009483,0.00133589,0.00113317,0.00267115,0.00631681,0.11595845,0.04491177,0.46791
1q8t,4.76,0.3174076,0.04957637,0.2994856,0.31918195,0.18010989,0.04095966,0.10381749,0.28534687,0.0980626,0.06693369,0.00884926,0.8201642,0.04362839,0.23706171,0.22681579,0.00949207,0.31562027,0.10748184,0.0521895,0.49682498,0.0168151,0.15091693,0.08442315,0.11332667,0.00746527,0.05075964,0.16577885,0.08283526,0.14865488,0.06250235,0.01025
1q8u,5.96,0.8623135,0.5978813,0.71783215,0.9415542,0.46176946,0.409604,0.6976419,0.85471547,0.6534553,0.8976617,0.56511134,0.30419344,0.65835565,0.6964715,0.5763605,0.69963884,0.67486656,0.66793084,0.4643744,0.9262122,0.2554561,0.34029958,0.7764853,0.9358274,0.3957825,0.6662648,0.82639384,0.7186811,0.7238527,0.63348687,0.51266
1qf1,7.32,0.99045056,0.82893836,0.3566228,0.99123776,0.8546324,0.4407701,0.51633507,0.67376184,0.98848367,0.95517206,0.5908311,0.62070256,0.7318752,0.96363616,0.86045945,0.4451883,0.31847394,0.25391698,0.7690611,0.9140028,0.91962194,0.9142778,0.8537406,0.48780695,0.4704307,0.7261097,0.9893141,0.14706042,0.8876115,0.9523685,0.96886
1qkt,9.04,0.94797564,0.75752115,0.90638465,0.94691753,0.97703785,0.88076234,0.538087,0.86312,0.9794369,0.84974164,0.82524455,0.8769958,0.5717775,0.7817794,0.75595766,0.8728409,0.69547194,0.9853424,0.8349999,0.92815095,0.9449452,0.69027483,0.94413424,0.9630395,0.80904585,0.95810974,0.5965497,0.90962815,0.8833321,0.94268423,0.95322
1r5y,6.46,0.94496804,0.9858308,0.87352026,0.9879675,0.94121826,0.97871864,0.9032266,0.98968947,0.7495798,0.98182726,0.9448568,0.9910772,0.9545382,0.9202794,0.98452544,0.92428374,0.93729407,0.97497034,0.9024186,0.9807219,0.92866004,0.9399539,0.81987655,0.91808474,0.7935065,0.92976356,0.93922114,0.93187267,0.96196723,0.94831216,0.95977
1s38,5.15,0.82412136,0.9917568,0.9153422,0.75273573,0.8571793,0.9698342,0.87301147,0.9871919,0.9285544,0.98240066,0.89097106,0.99031264,0.94894785,0.94178903,0.98264325,0.92448926,0.96215796,0.9918678,0.90347934,0.87823665,0.9508909,0.95078063,0.8090867,0.9195711,0.8831346,0.9130519,0.891734,0.9017956,0.968845,0.95367754,0.9481
1sqa,9.21,0.5557214,0.9175935,0.8253701,0.84644204,0.93348014,0.94525045,0.852937,0.884969,0.23078346,0.95649815,0.701565,0.9262576,0.7067791,0.8638724,0.69699395,0.5151455,0.81658155,0.38816735,0.19373015,0.81035185,0.95284575,0.29909962,0.09106439,0.9157162,0.16469142,0.06440395,0.66011417,0.68448234,0.6098735,0.9273908,0.16643
1syi,5.44,0.9966371,0.9873911,0.98995125,0.9995729,0.9948133,0.98688275,0.98739314,0.98936427,0.9976205,0.9831235,0.9993705,0.9916471,0.97609603,0.9863975,0.985418,0.92435336,0.9882705,0.9995453,0.93157554,0.99780273,0.95245385,0.9690969,0.98748386,0.9631233,0.93163025,0.9988198,0.9908742,0.9609138,0.99579144,0.9538489,0.99964
1u1b,7.8,0.07937881,0.27438837,0.05221602,0.00228605,0.0463123,0.02770743,0.1154727,0.635157,0.03028214,0.18815619,0.8061818,0.35871905,0.73632526,0.538395,0.6180314,0.19446,0.25428134,0.34489182,0.33230284,0.8328373,0.0161345,0.62573713,0.14276108,0.04426888,0.20842713,0.07411885,0.05602184,0.05434784,0.30642673,0.4909134,0.18506
1uto,2.27,0.0099844,0.00583741,7.809211e-05,0.00510269,0.00923416,0.00470206,0.0015499,0.02139106,0.04155657,0.00333294,0.01508409,0.00052446,0.01755849,0.00361863,0.03663307,0.00132722,0.00218132,0.01662952,0.0005388,0.00038177,0.01428753,0.02062836,0.00621083,0.01719546,0.0001992,0.00034505,0.00286481,0.00476447,0.01245144,0.00118801,0.00033
1vso,4.72,0.9861287,0.96621084,0.9406502,0.9971591,0.97301507,0.97494155,0.89651525,0.95619607,0.9859313,0.93852234,0.99499476,0.96405685,0.86199284,0.9392867,0.95088005,0.9240918,0.971843,0.99864894,0.90950143,0.9695287,0.9526488,0.94152534,0.97864246,0.96307427,0.92509985,0.97665864,0.96200633,0.9388136,0.9457304,0.9529754,0.99128
1w4o,5.22,0.86210084,0.566643,0.80255866,0.09926343,0.6798479,0.5721047,0.6505672,0.7223432,0.84829974,0.86567426,0.80817556,0.76769286,0.73339695,0.82772994,0.75345397,0.568526,0.8298783,0.5941488,0.7041847,0.82435346,0.6729495,0.7636548,0.8911406,0.6204992,0.47792608,0.87021005,0.5911037,0.882985,0.714784,0.8209145,0.99185
1y6r,10.11,0.9588666,0.96796775,0.94362164,0.99445164,0.9109669,0.9418214,0.86050606,0.9580121,0.96130604,0.8951465,0.87656516,0.9581579,0.9259426,0.8057513,0.94634235,0.9234655,0.94980586,0.83472824,0.9272791,0.92750216,0.95312107,0.9048176,0.9348102,0.92983353,0.92901444,0.8491296,0.7662739,0.934486,0.51863194,0.93858325,0.9276
1yc1,6.17,0.91156965,0.81526315,0.75183105,0.96203804,0.8760799,0.8791099,0.7391008,0.8917665,0.8885683,0.55259144,0.9061991,0.8767534,0.8574871,0.9121178,0.93875116,0.8917587,0.9267458,0.8344754,0.9198292,0.96973765,0.95137966,0.812058,0.50555515,0.95722914,0.93032503,0.9433979,0.5695237,0.8858145,0.7836581,0.91626894,0.9585
1ydr,5.52,0.95797706,0.70613843,0.7453699,0.95787185,0.22397274,0.5544349,0.7522004,0.9290814,0.83807576,0.924783,0.84483933,0.42313516,0.7144934,0.7353252,0.75497556,0.724633,0.46666098,0.74072593,0.69813716,0.96386456,0.7704086,0.4643401,0.8306081,0.9439214,0.43509707,0.807571,0.9283224,0.83886963,0.8843547,0.9104469,0.78164
1ydt,7.32,0.48213068,0.24644464,0.0374077,0.10074353,0.02755484,0.10357103,0.2720403,0.21224242,0.05795637,0.09346378,0.43598253,0.00848463,0.11232957,0.11115587,0.21486667,0.0709064,0.12686884,0.07287717,0.09494373,0.8272965,0.01503229,0.41020256,0.08302373,0.02605101,0.00471371,0.01387593,0.13809112,0.02203399,0.04523978,0.08710417,0.45874
1z6e,9.72,0.96351534,0.9451124,0.8435104,0.076372,0.9351145,0.91950315,0.9465356,0.98775357,0.80865574,0.79547095,0.77139986,0.541887,0.91718006,0.9470838,0.9642058,0.9234523,0.8510175,0.9890741,0.7311914,0.94290465,0.9340391,0.9243101,0.85361695,0.96319723,0.23563433,0.8544754,0.54913485,0.889405,0.9464619,0.9243188,0.9115
1z95,7.12,0.9904449,0.9874464,0.9927738,0.9994478,0.99062085,0.9885737,0.9823164,0.98056895,0.99843264,0.99590516,0.9982759,0.98478675,0.9442526,0.9799724,0.9660039,0.92439854,0.98281693,0.9810072,0.9297204,0.9980583,0.95185804,0.9383255,0.98958385,0.9631306,0.9316176,0.9959615,0.9810008,0.9687135,0.9843396,0.95371217,0.99773
1z9g,5.64,0.96159387,0.9116857,0.91534877,0.99334174,0.92075884,0.8653183,0.7486684,0.9133266,0.98697877,0.9660271,0.9726964,0.9348202,0.8552196,0.9420334,0.9208567,0.8338746,0.82862616,0.8767009,0.92898417,0.9858304,0.93472457,0.8785308,0.9687476,0.9303769,0.8387031,0.91386926,0.9816983,0.5533309,0.9365894,0.9536154,0.99745
2al5,8.4,0.99469876,0.9873634,0.9901201,0.9994192,0.99304247,0.981067,0.9839446,0.9874591,0.9963975,0.980538,0.99905103,0.9894127,0.96626997,0.98172677,0.9834366,0.92448854,0.9850711,0.9992826,0.9314388,0.9971621,0.95260894,0.9624888,0.98767394,0.96315134,0.93154037,0.9988476,0.9892875,0.95989966,0.99333966,0.9538113,0.9995
2br1,5.14,0.00191203,0.00863057,0.0053913,6.48173e-05,0.00500524,0.00436357,0.00539976,0.0605486,0.00546026,0.00217292,0.01287493,0.00070155,0.02383107,0.00483334,0.01901415,0.00116852,0.00333363,0.02658865,0.00478324,0.00230521,0.00119251,0.05333307,0.02051771,0.00589919,0.00074267,0.00287393,0.00418133,0.00083697,0.00462499,0.00050592,0.00101
2brb,4.86,0.01185283,0.04265875,0.008728,0.0001674,0.01759112,0.02027509,0.00667542,0.13729903,0.02325711,0.02017432,0.00849828,0.00140673,0.05885446,0.01415035,0.02385354,0.01325247,0.03034633,0.04015326,0.04024985,0.00552136,0.00237736,0.07942817,0.02098489,0.00689259,0.00165322,0.01288858,0.00681672,0.09409297,0.0471009,0.0094882,0.0105
2c3i,7.6,0.10855892,0.02340662,0.05882192,0.00844911,0.01178557,0.04510024,0.01103622,0.05860275,0.07797164,0.02003098,0.02377331,0.28676072,0.01751286,0.01005286,0.02461842,0.06386694,0.06176323,0.01932284,0.06859484,0.02508,0.03199416,0.03611985,0.03373623,0.09828469,0.02452251,0.04436305,0.03683242,0.06627318,0.07057792,0.06310216,0.00219
2cbv,5.48,0.9808851,0.8916322,0.95410883,0.9202472,0.9713316,0.634783,0.549628,0.9762138,0.6697715,0.9377005,0.63850677,0.85767925,0.93152714,0.91858786,0.9419817,0.8770541,0.92383343,0.96812403,0.7116765,0.9720862,0.94920236,0.8165861,0.979165,0.8891742,0.9298428,0.9511037,0.6229123,0.8854462,0.7766552,0.9481697,0.98849
2cet,8.02,0.9671187,0.9661691,0.72487736,0.9379435,0.9836319,0.75966775,0.690226,0.9619801,0.68795174,0.8963307,0.91543865,0.9124224,0.75813335,0.9420171,0.9538164,0.9234434,0.95916146,0.8231851,0.85327697,0.87355506,0.84037316,0.72733027,0.95536053,0.9631515,0.86497295,0.8176531,0.9003048,0.8860935,0.6998919,0.9535564,0.92587
2fvd,8.52,0.43711692,0.6433314,0.07756826,0.09679949,0.03138116,0.15934828,0.3089888,0.24533579,0.34238642,0.7270699,0.02885017,0.06023186,0.18952477,0.29295737,0.4785198,0.08683157,0.39543456,0.12283906,0.42277488,0.9138933,0.03554553,0.07805863,0.07510731,0.12952712,0.2212654,0.19830072,0.5725912,0.12458277,0.7210823,0.62983215,0.38176
2fxs,6.06,0.03065708,0.34309205,0.0052799,0.28647116,0.06931898,0.05828407,0.01159245,0.03624091,0.00846827,0.01205289,0.14186046,0.05395514,0.01160526,0.02105537,0.01856789,0.01403114,0.08419877,0.01267982,0.0157111,0.01706728,0.01170418,0.03329727,0.06970394,0.09257001,0.00572851,0.02403766,0.0244118,0.07851928,0.00294805,0.37643346,0.10249
2hb1,3.8,0.898136,0.63944495,0.36334515,0.50483197,0.51639986,0.6744194,0.5317215,0.7108813,0.7707334,0.79644907,0.7591673,0.8962028,0.5884389,0.6443982,0.6170726,0.7411435,0.68952346,0.74266756,0.53799796,0.75406015,0.31313288,0.7048446,0.38776925,0.85205233,0.5394801,0.67696804,0.5057886,0.7531082,0.504625,0.70109785,0.95148
2iwx,6.68,0.6184052,0.6573707,0.7725711,0.6243303,0.65943694,0.48996788,0.10793847,0.5729647,0.4387427,0.77836215,0.35414326,0.6565526,0.14760381,0.17515355,0.27065253,0.62294763,0.12546301,0.19488621,0.6311873,0.6876006,0.7876574,0.19767371,0.5438302,0.95051706,0.32661563,0.22124028,0.6170071,0.31703484,0.19050682,0.10151213,0.55882
2j78,6.42,0.80283666,0.485689,0.50673264,0.3237424,0.70679814,0.51373076,0.4169269,0.46369815,0.64185387,0.78058267,0.5451145,0.58558965,0.89192903,0.7739372,0.9091232,0.84889656,0.8235879,0.6660253,0.654145,0.8000284,0.7243837,0.8558068,0.91314554,0.83833456,0.69418114,0.68217814,0.6344176,0.8101502,0.6446182,0.7232268,0.98365
2j7h,7.19,0.9826802,0.9432695,0.9350929,0.8664062,0.9832846,0.17661738,0.7919667,0.98326087,0.9228095,0.5290861,0.5530231,0.94392955,0.9399166,0.7689562,0.82165456,0.9231746,0.9472226,0.9017116,0.83070207,0.98534465,0.95331335,0.8499862,0.98892367,0.9031194,0.93122756,0.8928883,0.97954035,0.89658904,0.69259524,0.9532783,0.78933
2p15,10.3,0.9804944,0.829532,0.9204234,0.99721634,0.98804605,0.9015533,0.9494269,0.9121599,0.8302055,0.85401106,0.99058795,0.9561839,0.91368556,0.958987,0.94407135,0.9236534,0.9129487,0.9972758,0.9284882,0.8992804,0.9539576,0.8606883,0.9871509,0.9630296,0.930925,0.987784,0.9007187,0.9373485,0.97945774,0.95317036,0.99495
2p4y,9.0,0.5794902,0.33677614,0.2383757,0.07295993,0.26919234,0.16236436,0.04564396,0.7150439,0.40343767,0.0232158,0.01497599,0.10472789,0.4307419,0.08994746,0.6220727,0.5205174,0.08300969,0.39202195,0.06422666,0.23812124,0.380544,0.84256816,0.43431878,0.74293745,0.3714653,0.06608483,0.45097974,0.15134308,0.35106778,0.5793943,0.62705
2pog,9.54,0.9222518,0.8412365,0.89534557,0.8705511,0.93313104,0.7588736,0.7892252,0.6597588,0.9305973,0.9440672,0.94623786,0.9467895,0.8250183,0.88560843,0.83724344,0.82613635,0.71396613,0.93669987,0.901239,0.90391135,0.9352046,0.61245364,0.9010386,0.96305144,0.90535486,0.9715744,0.6276825,0.89817595,0.81949854,0.9470148,0.99509
2qbp,8.4,0.97561944,0.89653957,0.77912366,0.99315804,0.9478469,0.8878218,0.85885644,0.89652824,0.94800866,0.96972454,0.9753096,0.93715936,0.87247187,0.939012,0.93265337,0.8761771,0.95824885,0.94325864,0.87903786,0.9836035,0.94309616,0.8160588,0.92035854,0.9631444,0.9268743,0.97928524,0.9459324,0.8855432,0.8923838,0.950709,0.99885
2qbq,7.44,0.96935165,0.8736536,0.8504077,0.9912535,0.86423755,0.84414864,0.6910141,0.8948668,0.80545264,0.9612318,0.9728962,0.9342263,0.74238527,0.84002185,0.8847027,0.77244854,0.9259169,0.9334426,0.8502557,0.91988885,0.61667866,0.80037796,0.83710396,0.9386095,0.7095803,0.89787376,0.9433452,0.884132,0.8504143,0.9129045,0.99742
2qbr,6.33,0.93531334,0.79698575,0.6929041,0.96236575,0.7926469,0.87203854,0.822613,0.8799802,0.85623854,0.9494498,0.93898046,0.91509235,0.8667798,0.8804804,0.8884415,0.8443576,0.9020707,0.7715211,0.7470653,0.8598629,0.52043223,0.8361032,0.8094587,0.9348857,0.65960705,0.93482757,0.8901526,0.80503416,0.7513225,0.9045795,0.96232
2qe4,7.96,0.95998406,0.9241141,0.86842734,0.97295344,0.90149903,0.8756794,0.7452142,0.7797018,0.97201246,0.9483662,0.9489986,0.9281496,0.8773873,0.9405269,0.87791145,0.90300757,0.66409004,0.9780839,0.89939433,0.90916854,0.9537257,0.8476558,0.9080403,0.96069694,0.9280108,0.96002483,0.83901286,0.9256362,0.8389925,0.95128876,0.82709
2qnq,6.11,0.9416355,0.87813246,0.78582907,0.9798145,0.1882329,0.657996,0.75910467,0.5301706,0.26694196,0.50374293,0.68995523,0.77299976,0.76043266,0.41444764,0.42097613,0.62687904,0.20444229,0.667763,0.7644532,0.67638737,0.10161188,0.5506742,0.64501214,0.75785613,0.33077466,0.96028626,0.77122283,0.18565693,0.6649533,0.7124373,0.86803
2r9w,5.1,0.90289885,0.5913808,0.13937202,0.9465184,0.22007853,0.5138612,0.5924653,0.76669204,0.9008213,0.2701481,0.7086695,0.9446105,0.5907867,0.55585843,0.517488,0.5442121,0.45883754,0.65763223,0.6907789,0.96797675,0.64585406,0.4414481,0.41182858,0.7896745,0.09828711,0.9136709,0.4992977,0.88554275,0.5292935,0.86176395,0.92378
2v00,3.66,0.02070978,0.0048593,0.00221121,0.00080705,0.00098395,0.01019996,0.00045806,0.0286141,0.00237751,0.00018498,0.01069143,0.02105308,0.01267374,0.00054759,0.01158482,0.00237414,0.00253612,0.00085911,0.00075051,0.00167054,6.1619015e-05,0.00969413,0.00190666,0.00175127,0.00032863,0.00141338,0.00062633,0.00214064,0.00303912,0.00083864,0.03575
2v7a,8.3,0.7818643,0.77604955,0.7613385,0.87063146,0.822067,0.8933567,0.6639303,0.9464686,0.80911005,0.89488065,0.9357338,0.8427054,0.86224616,0.8871509,0.8774793,0.9186725,0.8308336,0.9597589,0.85087144,0.93425834,0.8979987,0.70875514,0.8399167,0.9616792,0.6390104,0.93711007,0.8654071,0.9100719,0.9159366,0.92110395,0.96679
2vkm,8.74,0.8887068,0.87327003,0.6541174,0.96939677,0.8021142,0.6450588,0.8565881,0.8459927,0.7836764,0.7883731,0.9689436,0.8215928,0.70390725,0.6467402,0.9081074,0.84058213,0.94997257,0.92453706,0.90597034,0.9771167,0.94817907,0.9377094,0.5776409,0.8655366,0.7699357,0.9142789,0.8548074,0.83137083,0.889742,0.889325,0.66242
2vvn,7.3,0.91805154,0.9429308,0.8991164,0.9880763,0.949422,0.88378274,0.55974036,0.8700295,0.70537686,0.88602006,0.7465515,0.93457747,0.8797007,0.74804753,0.90999913,0.872007,0.92105603,0.71048796,0.7766495,0.944591,0.9516874,0.7165851,0.95155114,0.896587,0.6990626,0.7910447,0.86454666,0.88532215,0.64068496,0.8004466,0.9916
2vw5,8.52,0.03397009,0.16548282,0.0191268,0.00208321,0.01917526,0.07162669,0.03670681,0.35029298,0.04309332,0.01371148,0.01323268,0.03501737,0.08468655,0.07566458,0.03759515,0.19541153,0.05450377,0.00659159,0.02653101,0.0188162,0.01545811,0.0806548,0.15508118,0.01488951,0.10634407,0.05236501,0.00573367,0.04854512,0.04392004,0.1012812,0.00115
2w4x,4.85,0.826246,0.7458646,0.79036516,0.93892914,0.17319298,0.06364205,0.47264877,0.69088876,0.9682522,0.6605263,0.6718347,0.8096012,0.40288776,0.7123307,0.69626653,0.5437774,0.8442137,0.80250674,0.5093368,0.8740918,0.78759193,0.39610022,0.8588065,0.8735826,0.23696336,0.21969068,0.57459694,0.83687353,0.7738161,0.86399895,0.86784
2w66,4.05,0.61325,0.2880881,0.6961907,0.30601117,0.47577497,0.642625,0.6263323,0.59569687,0.6886687,0.8470196,0.71936476,0.85148454,0.9033631,0.7075782,0.75169706,0.84963804,0.79976904,0.6200172,0.7466481,0.80551726,0.55391777,0.6779105,0.86734045,0.628302,0.6473732,0.808581,0.8112376,0.8145083,0.6137488,0.6367165,0.968
2wbg,4.45,0.82615113,0.6380385,0.5730936,0.18477249,0.7439685,0.69925886,0.4743575,0.6534582,0.56102824,0.50433874,0.4625714,0.74949807,0.85544544,0.6685005,0.8934568,0.8675809,0.8340974,0.38997144,0.42046586,0.70950025,0.6311526,0.64963937,0.8231277,0.9056935,0.48738784,0.7985693,0.49880514,0.7188187,0.45511782,0.7290144,0.70153
2wca,5.6,0.28098136,0.12596276,0.02754119,0.7700521,0.12202492,0.09196711,0.06838405,0.20490542,0.44725972,0.09523603,0.0647971,0.04368711,0.18945634,0.22205535,0.21923745,0.04931173,0.58781457,0.3827953,0.10597655,0.5197273,0.02346081,0.2902192,0.35654587,0.3411818,0.08687428,0.0572755,0.20069632,0.05962539,0.41326338,0.653811,0.59653
2weg,6.5,0.26843855,0.82327497,0.5058683,0.54643816,0.18536422,0.21556273,0.34290785,0.261203,0.01583239,0.00585437,0.00283635,0.00388843,0.95775443,0.5410692,0.5433355,0.31304884,0.90512085,0.41508424,0.6081074,0.03496003,0.12051481,0.2854875,0.01668534,0.00086746,0.69535726,0.27152452,0.8780676,0.0479345,0.5032951,0.08330503,0.89994
2wer,7.05,0.3968695,0.4501021,0.31375173,0.02789065,0.19374198,0.21543798,0.1499229,0.26250455,0.10109898,0.10830128,0.56328857,0.25068587,0.12792549,0.27370203,0.16570535,0.19895175,0.22535113,0.14558938,0.32493922,0.5230818,0.05827767,0.15793791,0.3905556,0.6268077,0.16355875,0.5633967,0.32664043,0.5690112,0.2523679,0.3986562,0.10937
2wn9,8.52,0.17909294,0.34630725,0.02513131,0.00499499,0.16442037,0.02046561,0.13307735,0.14369985,0.01610899,0.00473893,0.02356958,0.33093745,0.07663181,0.35544127,0.15054727,0.32730317,0.20995536,0.5174837,0.2224879,0.26098216,0.00889191,0.1336697,0.11913365,0.08813706,0.09410277,0.08824077,0.05255178,0.01104692,0.0924468,0.04390132,0.06913
2wnc,6.32,0.7788872,0.7011062,0.5059992,0.9683919,0.8195398,0.74393773,0.6372509,0.9098107,0.29427445,0.8365408,0.8117853,0.76221895,0.6138443,0.58817726,0.74696803,0.9234271,0.7672223,0.8361665,0.7460788,0.8694011,0.41165495,0.6844424,0.84463394,0.9493858,0.67106616,0.7166403,0.8375323,0.89647615,0.7885629,0.76175356,0.98828
2wtv,8.74,0.91925126,0.7463287,0.9043648,0.82969713,0.8050048,0.8487059,0.7487977,0.76070225,0.7218915,0.82180834,0.9604784,0.6126235,0.7726884,0.79077613,0.7124032,0.8949026,0.92039204,0.8966331,0.6145309,0.74463755,0.5309373,0.75421596,0.7353014,0.8976686,0.3627102,0.87615514,0.8436222,0.7683097,0.8149991,0.66743135,0.77871
2wvt,6.12,0.9606458,0.7507733,0.75685084,0.79877675,0.9551849,0.769241,0.16264975,0.9610394,0.38275266,0.9000515,0.90102386,0.9301594,0.66689706,0.6339042,0.9182927,0.8447565,0.9451028,0.6712502,0.7865467,0.9410704,0.91172737,0.7271652,0.974164,0.94497967,0.81080186,0.53106123,0.73505485,0.49770513,0.60650617,0.95356786,0.99153
2x00,11.33,0.01007688,0.03211728,0.01130956,0.00146478,0.00584278,0.00185058,0.04288742,0.17643464,0.00196165,0.09165263,0.00913966,0.00529763,0.02322567,0.11571214,0.2640491,0.08447427,0.02525371,0.09706736,0.06311211,0.00161085,0.00285691,0.11891872,0.0191564,0.10835359,0.04252362,0.03549087,0.02290902,0.00314856,0.05070728,0.00367254,0.02683
2xb8,7.59,0.9216757,0.80157316,0.7185405,0.9762361,0.8103938,0.76154435,0.81379795,0.9184208,0.90951633,0.92211914,0.77361274,0.92512965,0.87383896,0.83857834,0.8846075,0.92128617,0.8101455,0.9322221,0.7383608,0.8691013,0.6680521,0.7129404,0.9381983,0.83462036,0.8111411,0.9590783,0.8897756,0.8849206,0.84231514,0.92281747,0.98279
2xbv,8.43,0.8928581,0.97675705,0.96388924,0.9091641,0.9276143,0.97636724,0.9821532,0.9551634,0.46662378,0.84601223,0.9902512,0.57116693,0.949821,0.94709086,0.9348883,0.92202663,0.838869,0.82242763,0.91663647,0.8088566,0.5389423,0.782946,0.69680077,0.9632316,0.75461495,0.76509607,0.5731914,0.8855498,0.92286843,0.71487904,0.95517
2xdl,3.1,0.01337186,0.00372669,0.0120444,0.00018835,0.00337747,0.01401016,0.01014054,0.07399908,0.00422925,0.0016371,0.00283423,0.00474474,0.01019165,0.00377715,0.02768448,0.00592619,0.00840881,0.00599,0.01093945,0.00261557,0.00162792,0.02274701,0.01536843,0.00566229,0.00155559,0.00543368,0.005582,0.00082752,0.01395267,0.00500625,0.04323
2xii,7.2,0.97972417,0.985778,0.9123353,0.97354996,0.98011154,0.9827204,0.9352329,0.9937972,0.91688895,0.96823835,0.9831213,0.9653552,0.85628414,0.75394297,0.99351656,0.92393774,0.9870852,0.99341536,0.9273962,0.9802326,0.95305645,0.9611368,0.99303687,0.9630809,0.93078434,0.95372754,0.99237585,0.9253137,0.89893705,0.9536581,0.95993
2xj7,6.66,0.8640938,0.7171676,0.86134505,0.9074887,0.71728307,0.7582794,0.6543323,0.91948855,0.9764426,0.93621343,0.77156496,0.9484488,0.9000682,0.73374975,0.8387412,0.92148423,0.9148699,0.8470803,0.8845473,0.92573017,0.84934354,0.78122747,0.9145005,0.9124893,0.8124658,0.9592155,0.9263338,0.88537455,0.92349744,0.824082,0.97295
2xnb,6.83,0.55639064,0.3091579,0.8873967,0.8394395,0.49230883,0.8738538,0.3134089,0.94693494,0.5368442,0.08442089,0.2785015,0.75276434,0.78057176,0.840752,0.5015875,0.8346774,0.24124104,0.5023262,0.78441846,0.6941657,0.1030103,0.43292975,0.69001085,0.9129445,0.3832609,0.71301967,0.5399706,0.84870195,0.90700006,0.7364361,0.94615
2xys,7.42,0.9137259,0.9236785,0.93529505,0.9918188,0.8457736,0.7930023,0.8822601,0.8884214,0.97562397,0.984282,0.95214117,0.9158119,0.88583827,0.7698076,0.96329546,0.9248549,0.93246627,0.953519,0.90505004,0.8474947,0.4965626,0.8385994,0.5909103,0.9605098,0.70451283,0.96217257,0.8895732,0.8901557,0.9562787,0.8724451,0.41484
2y5h,5.79,0.99690104,0.99897784,0.99391997,0.9999815,0.9985683,0.99631786,0.9879813,0.99301064,0.99974525,0.9991803,0.99917686,0.99857795,0.99005216,0.99676096,0.9936029,0.9243034,0.9963896,0.9999809,0.93127143,0.999583,0.95275784,0.97622097,0.991747,0.96309966,0.9318993,0.9988569,0.99814814,0.9796659,0.9996276,0.95363903,0.97123
2yfe,6.63,0.98195124,0.9660623,0.93065095,0.99445176,0.9564631,0.883486,0.9102907,0.96034324,0.9661875,0.9380082,0.97512066,0.97968584,0.40076983,0.93408686,0.9148387,0.86959267,0.87208074,0.9501172,0.91474915,0.9731965,0.95278764,0.9306271,0.9173201,0.9333925,0.90059924,0.9611969,0.95185447,0.89746475,0.9677802,0.9528054,0.88363
2yge,5.06,0.00200009,0.01338524,0.00235257,0.00103924,6.945994e-05,0.00346223,0.00221846,0.10199979,0.00131276,0.00066757,0.00030655,0.00218713,0.00450721,0.00389716,0.00318581,0.00204465,0.00888237,0.0005914,0.00083587,0.00047562,0.00076962,0.0019061,0.02998409,0.00095227,0.00339249,0.0012055,0.00277641,0.00016126,0.00390452,0.00433806,0.0002
2yki,9.46,0.632213,0.8642514,0.28963757,0.66218483,0.27937603,0.9049276,0.53348047,0.89936215,0.2235975,0.80019885,0.8316593,0.28565967,0.9097096,0.59271556,0.53630835,0.8388538,0.9819651,0.57596946,0.5714531,0.8593894,0.51040304,0.7935506,0.5437768,0.8355609,0.19143492,0.7647712,0.4813586,0.86312526,0.4993849,0.837443,0.91819
2ymd,3.16,0.5783732,0.27470493,0.12726006,0.28311044,0.40631416,0.4379019,0.13888931,0.6957238,0.52263594,0.03219414,0.00472063,0.03243831,0.26516765,0.03264043,0.5514366,0.0813109,0.20409212,0.40729475,0.0592103,0.08213884,0.06386989,0.18233103,0.18183893,0.25885102,0.0427967,0.05591187,0.13533759,0.11225888,0.46411473,0.09894988,0.05676
2zb1,6.32,0.02721781,0.13584158,0.02209237,0.00130454,0.02851939,0.01669222,0.08109885,0.28443375,0.01000232,0.00321224,0.01633719,0.05154198,0.03023842,0.01701105,0.02452096,0.02277747,0.11244607,0.003824,0.09333599,0.00100407,0.02570161,0.05637047,0.0483011,0.0175252,0.01902282,0.02560803,0.0364227,0.00976256,0.02154884,0.03347474,0.00403
2zcq,8.82,0.83316016,0.83586913,0.8798437,0.9600988,0.82794476,0.7975925,0.793971,0.5796633,0.95528495,0.9610188,0.79405904,0.97025436,0.5851615,0.9684024,0.84466463,0.86567444,0.8807269,0.9432338,0.34752616,0.74710715,0.43943805,0.7927263,0.84008896,0.87312233,0.40423697,0.76516753,0.79159796,0.8038862,0.27166733,0.5308173,0.95328
2zcr,6.87,0.962582,0.9234297,0.9043168,0.9799013,0.8117164,0.6171608,0.66016454,0.44679767,0.94999784,0.89674765,0.92103815,0.94428456,0.44016674,0.9697904,0.58970666,0.9224216,0.77918226,0.451071,0.6489086,0.59811807,0.27020591,0.71614856,0.7798834,0.6865978,0.9298148,0.8245286,0.850175,0.08554733,0.6842909,0.86728644,0.98542
2zda,8.4,0.31510377,0.01753831,0.3625661,0.5876426,0.85853475,0.8943355,0.80429,0.7916864,0.5537513,0.2239896,0.7811337,0.08903039,0.6853025,0.77082825,0.5117388,0.66381514,0.15879187,0.1996856,0.16854301,0.2088384,0.40133604,0.5836268,0.42585504,0.91666365,0.2991612,0.16937202,0.39303786,0.20447573,0.21893051,0.10924983,0.83032
2zy1,7.4,0.95201933,0.9586991,0.9404872,0.9639905,0.8559221,0.9007059,0.8892212,0.93630135,0.9670092,0.9414269,0.9788373,0.9594861,0.80649215,0.9787886,0.8027159,0.92312586,0.8828299,0.9769604,0.9254051,0.960633,0.9042978,0.9117832,0.86773,0.95570886,0.630704,0.97372794,0.8331628,0.9091779,0.9338716,0.93232846,0.99195
3acw,4.76,0.9806328,0.97615945,0.84980494,0.98107404,0.94601405,0.8871806,0.9069636,0.97528523,0.98757553,0.96552086,0.9845867,0.9629767,0.932687,0.9520571,0.949792,0.92472404,0.95795727,0.9788522,0.9290648,0.94946474,0.95229495,0.92011476,0.95717025,0.9631381,0.9031985,0.9413328,0.9329635,0.8897717,0.9118993,0.94811416,0.97829
3ag9,8.05,0.00550151,0.00027534,0.00012437,9.26796e-06,0.00019488,0.00095731,6.187701e-05,0.12511083,0.00142947,0.00516161,0.00053641,8.237829e-06,0.02904224,0.00031307,0.00108781,4.15356e-05,0.00459877,4.772487e-05,0.00229016,0.00088325,0.0012401,0.04295748,0.00029096,0.00224316,0.00020075,0.00054461,0.00215405,0.00053027,0.0024204,0.00148216,0.23323
3ao4,2.07,0.00138366,0.05659673,0.0004473,5.018346e-05,0.00212055,0.00277409,0.00063819,0.01709723,0.00188059,0.00037292,0.00016606,0.00052124,0.01841122,0.00690678,0.00410768,0.03639612,0.0016827,0.00295985,0.00730717,0.00011407,0.0002619,0.00933331,0.01123652,0.00483203,0.00129512,0.00045893,0.00166911,0.00209579,0.00403005,0.00138244,0.00744
3arp,7.15,0.00176269,0.00045866,0.01788041,0.04595131,0.00138676,0.03545892,0.00522605,0.55653495,0.00070691,0.00134027,0.00248119,0.00295869,0.02323925,0.00121021,0.00045225,0.00542033,0.02656212,0.00594687,0.00123405,0.00069535,0.000102,0.00549176,0.00927737,0.00396773,0.00030982,0.00352615,0.00119078,0.00040606,0.00156051,0.00032255,0.02766
3arq,6.4,0.09036776,0.41523537,0.00940442,0.96812356,0.09965181,0.01261783,0.16823214,0.07574525,0.00809199,0.46716475,0.17424527,0.53096586,0.06987157,0.01115525,0.22577515,0.01677704,0.02071199,0.29010117,0.03268778,0.39502347,0.00134581,0.04414636,0.11896408,0.60171217,0.00633308,0.00594568,0.4757962,0.2274943,0.05500126,0.04666647,0.16135
3aru,3.22,0.2526663,0.01122308,0.0402357,0.38983107,0.21861935,0.04457942,0.02986601,0.4276784,0.0016275,0.00342751,0.4887479,0.00725654,0.08524781,0.00644791,0.03209978,0.03167292,0.01999146,0.01960561,0.02944466,0.284238,0.06864184,0.02967781,0.09152916,0.00484934,0.00567734,0.01050556,0.21657649,0.02349651,0.05031529,0.22378328,0.20111
3arv,5.64,0.00204301,0.00192177,0.17705807,0.01141417,0.00240248,0.00700346,0.01335159,0.07953385,0.01252908,0.00469226,0.00167787,0.0257954,0.02157581,0.0042958,0.01268893,0.0763275,0.02050403,0.26904693,0.01600921,0.00052008,3.7689086e-05,0.00335971,0.00126344,0.02302203,0.00311264,0.66055775,0.02262595,0.01467234,0.05615216,0.00101057,0.00795
3ary,6.0,0.0023534,0.00428414,0.0187566,0.00034967,0.00072297,0.00048649,0.13713646,0.00451019,0.00068614,0.00052342,0.0001848,0.00071788,0.02200556,0.00898483,0.00838327,0.00260496,0.00757748,0.03708827,0.00161049,7.73512e-05,2.162336e-05,0.00460169,0.00422955,0.000269,0.00079703,0.00642854,0.00230652,0.0014219,0.01954782,0.0007183,0.00143
3b1m,8.48,0.6390083,0.78845114,0.03831443,0.9823373,0.19994706,0.13210115,0.35629654,0.23855668,0.14677554,0.75584686,0.9443443,0.8079593,0.03909001,0.11805391,0.11082163,0.29379398,0.19812629,0.41009957,0.16729513,0.956573,0.77468073,0.04715014,0.2536204,0.84857583,0.26707822,0.29592633,0.75913894,0.42049062,0.7045119,0.5868327,0.36576
3b27,5.16,0.34811026,0.4939585,0.07377204,0.7849151,0.04855728,0.3457763,0.2265409,0.5452082,0.41929507,0.01607844,0.28050435,0.7704364,0.3681957,0.1511921,0.6233274,0.621192,0.12541297,0.16531193,0.12226194,0.23713797,0.13753179,0.3703329,0.10775432,0.04346517,0.06190923,0.04594329,0.569852,0.31054705,0.22396463,0.12342352,0.03021
3b5r,8.77,0.98260874,0.97279817,0.9875705,0.99668694,0.86256206,0.9775489,0.97268033,0.98178893,0.98372495,0.97568977,0.9963125,0.9915552,0.9137881,0.9788513,0.72973734,0.9241699,0.9781943,0.8507098,0.5480727,0.99269664,0.8439213,0.8939228,0.9546402,0.96313465,0.9271387,0.99059963,0.97114414,0.947454,0.93761194,0.95365906,0.9969
3b65,9.27,0.96152043,0.9883645,0.9265944,0.9569027,0.83593416,0.65156484,0.8715657,0.96417624,0.93929136,0.9420046,0.995273,0.9771192,0.903422,0.9268486,0.21466789,0.9094471,0.61555743,0.5090715,0.8362196,0.9910852,0.8327169,0.6563844,0.7816302,0.90800405,0.8266525,0.8396777,0.9076898,0.5679832,0.82430923,0.94121575,0.99592
3b68,8.4,0.95327663,0.9485947,0.9573529,0.9944668,0.93955183,0.8994789,0.9059074,0.9818772,0.9662248,0.96127653,0.9549653,0.98250484,0.675176,0.51007855,0.79994154,0.8841936,0.92951804,0.66761345,0.7640077,0.95171356,0.95267946,0.614403,0.8409819,0.96311873,0.6723155,0.978794,0.972281,0.8223815,0.95423543,0.95369244,0.9655
3bgz,6.26,0.9471535,0.8449037,0.8090778,0.6299367,0.79954374,0.9220814,0.7502377,0.9290966,0.8999187,0.8849889,0.9706625,0.87364984,0.86534625,0.6270569,0.8341812,0.86487424,0.7936091,0.699319,0.8753194,0.9171451,0.77331316,0.88184345,0.9054811,0.9482696,0.65040845,0.91030294,0.9075334,0.83347124,0.86347115,0.87714607,0.99867
3bv9,5.36,0.00197771,0.00093788,0.01375955,0.00416771,0.00400102,0.00013611,0.01386684,0.06187323,0.16360241,0.00113854,0.00029561,5.9397502e-05,0.01853773,0.00368991,0.00894463,0.01422721,0.00294214,0.01311114,0.00745091,0.00044832,0.00052515,0.00999522,0.00715044,0.02893212,0.00019291,0.01267612,0.01633772,0.00075054,0.03780183,0.01785073,0.01205
3cj4,6.51,0.9832129,0.95612943,0.86998785,0.99804366,0.9735636,0.9299529,0.78335476,0.9523119,0.9530161,0.9641253,0.9830425,0.97366047,0.76188153,0.804276,0.91559565,0.900371,0.9361627,0.9663414,0.9101965,0.9829704,0.95315343,0.8708544,0.94302654,0.9631231,0.92070544,0.96747625,0.9670229,0.9491724,0.93695927,0.95356524,0.98876
3coy,6.02,0.9317025,0.98417807,0.91345024,0.00057143,0.9352881,0.7647455,0.62936187,0.96148527,0.9582343,0.9323729,0.98445404,0.81267667,0.91028696,0.8904718,0.8400942,0.9222084,0.64395803,0.78685224,0.77407134,0.9846492,0.95280063,0.7598814,0.93600947,0.96310246,0.8292395,0.951033,0.796667,0.88531804,0.7670222,0.79142016,0.70021
3coz,5.57,0.97064316,0.9889441,0.93489665,0.00176194,0.90383774,0.8590169,0.862998,0.85220635,0.9577496,0.95854163,0.9832376,0.792331,0.93379974,0.939791,0.91235334,0.92270845,0.67433405,0.4972597,0.81042475,0.99567354,0.9527956,0.8157444,0.93427896,0.9630904,0.67870724,0.66955036,0.62887,0.87136257,0.6764681,0.7818192,0.45614
3d4z,4.89,0.8690179,0.8806282,0.8772241,0.5531047,0.8521733,0.8903093,0.46277544,0.5932583,0.8168837,0.8451653,0.9325959,0.88202894,0.5911905,0.93466675,0.9566523,0.9215691,0.9223118,0.8372687,0.84735703,0.86445427,0.92114747,0.5104732,0.9305221,0.8977959,0.7156211,0.8308722,0.5085181,0.6951995,0.734676,0.9450468,0.60562
3d6q,3.76,0.19940016,0.01726815,0.117906,0.00400633,0.02759776,0.02987161,0.08297384,0.0591282,0.02112159,0.10045874,0.10997382,0.05065086,0.12787744,0.09057662,0.2232621,0.01647043,0.10537115,0.02046365,0.015259,0.05779612,0.00815687,0.06020269,0.3636689,0.08089128,0.01862639,0.00395975,0.14288491,0.03892431,0.01402777,0.02472246,0.00011
3dd0,9.0,0.00325876,0.29286855,0.00420791,3.580717e-06,0.00775477,0.00396493,0.14294222,0.1570344,5.6722347e-06,0.00052768,5.068468e-05,0.00152695,0.8705207,0.12679034,0.02844974,0.05953452,0.2104272,0.01244929,0.03831661,0.00118852,0.00042638,0.03245836,0.00194061,1.9243314e-05,0.0580734,0.00894102,0.01645324,0.00387022,0.05109948,0.01969233,0.34545
3dx1,3.58,0.94753194,0.9177944,0.862322,0.98659354,0.882692,0.8925509,0.48517793,0.71852285,0.9162346,0.7966432,0.97074676,0.7369762,0.698903,0.8727412,0.9482908,0.1720177,0.8579031,0.9604131,0.7655902,0.7835921,0.8624034,0.7094435,0.9653989,0.9014282,0.66463727,0.9818604,0.91078496,0.85843015,0.84336036,0.49427164,0.98367
3dx2,6.82,0.98175377,0.9538118,0.9602661,0.9992527,0.98777205,0.94232273,0.80381,0.9543681,0.95406955,0.8732395,0.98624015,0.976972,0.90200615,0.9604304,0.96939355,0.9211616,0.98842776,0.9793401,0.93050474,0.98879385,0.914132,0.9110836,0.9885503,0.9553028,0.93128765,0.99633574,0.9806073,0.95632607,0.9336288,0.9536149,0.99508
3dxg,2.4,0.09264654,0.02027962,0.0462819,0.00275445,0.00595093,0.01809928,0.06633538,0.02323431,0.01668859,0.03737816,0.08254036,0.01422533,0.08933252,0.03452173,0.0492844,0.00535098,0.02891698,0.01468888,0.0071547,0.02332082,0.0061143,0.04110098,0.21876377,0.03369609,0.01189372,0.00688756,0.03232887,0.01920506,0.02535665,0.02709949,0.00012
3e5a,8.23,0.6820665,0.59531057,0.685138,0.8965994,0.6426836,0.7582215,0.6769257,0.8668316,0.61956733,0.7435513,0.8567947,0.7504837,0.840312,0.50151837,0.7609581,0.8460978,0.42089257,0.79291886,0.66998607,0.8939439,0.05764386,0.53223133,0.65957123,0.82510984,0.45139045,0.58635753,0.7922182,0.7235604,0.8396305,0.5605448,0.88217
3e92,8.0,0.0048151,0.1399368,0.00801572,0.00048757,0.00683904,0.01165065,0.0389269,0.04939198,0.00216627,0.00325835,0.00097939,0.26241797,0.0322237,0.01157841,0.05076671,0.06023279,0.09801629,0.0132027,0.28215826,0.00110239,0.00107622,0.03301644,0.0798423,0.02025157,0.07702547,0.00485718,0.005045,0.00468877,0.02069378,0.02913463,0.09875
3e93,8.85,0.6805563,0.9032451,0.7138723,0.37898302,0.8186749,0.83802736,0.3102531,0.9600035,0.97321033,0.7470672,0.3519454,0.8624779,0.42440045,0.3215829,0.83357996,0.7727499,0.91184837,0.60068274,0.81224054,0.32313997,0.2501529,0.7222287,0.38666046,0.8699039,0.7774019,0.78326225,0.8274339,0.8857726,0.07611084,0.8633636,0.87993
3ebp,5.91,0.730018,0.33546728,0.16798839,0.08316496,0.11164507,0.62731826,0.19126531,0.1845358,0.4223007,0.82544035,0.50427866,0.05666706,0.56015056,0.00702471,0.11260653,0.25356418,0.02327499,0.35931325,0.1533016,0.26399302,0.01684517,0.07847476,0.21176112,0.9126388,0.18434733,0.21889016,0.04575622,0.46968818,0.20639789,0.6143196,0.2518
3ehy,5.85,0.9626856,0.93745553,0.9889712,0.98437524,0.7965388,0.9306539,0.93368286,0.9365926,0.98323655,0.9748173,0.98331684,0.9258374,0.89074254,0.9578651,0.92446697,0.92465,0.9545061,0.99572635,0.9313655,0.9608519,0.9533227,0.7579359,0.81640077,0.9535608,0.9303192,0.9996282,0.95219135,0.9548464,0.9815308,0.95251536,0.90686
3ejr,8.57,0.99143887,0.9697055,0.9014764,0.98662376,0.98430634,0.9717655,0.9053092,0.9839728,0.9868488,0.9812957,0.9854212,0.97500455,0.9102756,0.9481809,0.9652465,0.92260325,0.9827192,0.9839449,0.93112874,0.9901514,0.9181104,0.9431796,0.9838928,0.963104,0.9311867,0.9987869,0.9817244,0.93706995,0.97846997,0.9536704,0.99686
3f3a,4.19,0.91754323,0.3158766,0.7080616,0.7790986,0.04897913,0.21406537,0.08517382,0.7769174,0.900659,0.37160444,0.9200487,0.9265767,0.4913209,0.21574911,0.3471753,0.09641659,0.19062376,0.7794399,0.34756368,0.9349157,0.9513943,0.7744629,0.29104125,0.8494217,0.07825801,0.5546154,0.52318513,0.30999398,0.22379178,0.28990763,0.36126
3f3c,6.02,0.9859662,0.9630251,0.97201926,0.99604726,0.9321947,0.9594859,0.8810506,0.97367764,0.98716474,0.9612339,0.98333716,0.9769491,0.92270863,0.8972419,0.95161617,0.87294424,0.90369177,0.97220314,0.92050916,0.9745066,0.9531585,0.9358109,0.8551812,0.96317863,0.86086076,0.97829354,0.92097294,0.90118545,0.9741402,0.9394945,0.99657
3f3d,7.16,0.9287342,0.92858106,0.42022908,0.92822826,0.9243445,0.8028294,0.613366,0.9051672,0.8254683,0.8810314,0.8765981,0.5734985,0.6284995,0.7327628,0.86054707,0.39619678,0.9304273,0.9547065,0.6023151,0.79988563,0.790944,0.9256997,0.8607099,0.94979954,0.3585623,0.10394922,0.42208847,0.7305238,0.7507967,0.77684224,0.65426
3f3e,7.7,0.9654482,0.9554509,0.5644098,0.9898868,0.9755826,0.9346683,0.8005307,0.9133661,0.87768793,0.9100845,0.8890033,0.8564575,0.8263104,0.7925243,0.94810253,0.5492408,0.895615,0.97897464,0.5267848,0.81066,0.953163,0.95360625,0.90819997,0.96310705,0.71256167,0.6183361,0.6385685,0.8854419,0.8231039,0.88118577,0.88069
3fcq,2.77,0.00340313,0.01129842,0.00201216,4.799402e-05,0.0020442,0.02334255,0.01050326,0.04647365,0.01544455,0.08985472,0.00647038,0.05523911,0.01708943,0.07203752,0.03842258,0.02016377,0.02504039,0.00801352,0.00621215,0.00714734,0.02409354,0.02188572,0.03295532,0.00207713,0.01760489,0.00972325,0.01656806,0.00623804,0.02849129,0.02703297,0.00743
3fur,8.0,0.99894774,0.99665266,0.9966549,0.99916756,0.9934628,0.98908234,0.98028743,0.9840983,0.9923724,0.9948791,0.9989408,0.9896436,0.9465594,0.9900118,0.9841871,0.92411095,0.9838871,0.99978524,0.93127364,0.9976811,0.95137423,0.9303379,0.92858833,0.96313643,0.9317568,0.9985405,0.9916481,0.9795344,0.9904947,0.9537058,0.92877
3fv1,9.3,0.99396133,0.98602617,0.9949914,0.999799,0.9968262,0.98729825,0.9844861,0.98923445,0.9948721,0.99281716,0.99967307,0.9903213,0.9806994,0.9761181,0.9718442,0.92397726,0.9936082,0.9999745,0.931628,0.9976266,0.95272696,0.9770988,0.99507856,0.9630435,0.9315219,0.9999078,0.9875248,0.9862798,0.9981135,0.953799,0.99571
3fv2,8.11,0.99371916,0.9849404,0.99121726,0.99949276,0.9956257,0.97725445,0.9823413,0.99132484,0.98870337,0.9890301,0.99903923,0.9857981,0.97049564,0.9704974,0.96575344,0.9241206,0.99188435,0.9999659,0.9314883,0.996462,0.9526923,0.9701625,0.99067557,0.9630703,0.9255446,0.9999014,0.9862448,0.985401,0.9979282,0.9537821,0.99897
3g0w,9.52,0.9901904,0.99002385,0.9827475,0.96978146,0.9535413,0.8117745,0.86617804,0.9409573,0.993418,0.99271655,0.9742881,0.9953996,0.85718155,0.940486,0.7772385,0.8483502,0.81171995,0.93750656,0.54597926,0.99379075,0.83881927,0.5011273,0.7838961,0.9530056,0.92276376,0.98416805,0.959056,0.9587289,0.9463122,0.9535772,0.97223
3g2n,4.09,0.2189807,0.07153648,0.33999082,0.04545575,0.00834361,0.01417801,0.05692324,0.09414402,0.33079985,0.02190936,0.01911962,0.01699737,0.49184364,0.04190585,0.02019304,0.11004445,0.13133237,0.03552097,0.04869747,0.14302137,0.01277238,0.04553315,0.22472218,0.02015045,0.04363909,0.02624473,0.09215477,0.24907416,0.03236565,0.07996389,0.04844
3g2z,2.36,6.5293905e-05,9.927356e-05,2.792158e-05,2.4135348e-05,1.6912505e-05,3.1486416e-05,0.00012466,4.8921764e-05,2.498086e-05,7.495312e-07,4.1013814e-07,0.00046706,0.00064933,0.00088665,0.0003224,7.7272605e-05,0.00029919,1.2642407e-05,0.0001373,1.9403251e-05,1.0770689e-06,0.00051597,0.00011764,4.1804597e-05,1.2657497e-07,5.5376677e-06,3.6454585e-05,3.9379775e-06,3.2335852e-06,4.052202e-06,2e-05
3g31,2.89,0.0131568,0.01152092,0.00776452,0.00112414,0.0054245,0.01157203,0.03251967,0.01196754,0.0026395,0.00698146,0.00126114,0.00956944,0.02899909,0.00437561,0.0342828,0.0116528,0.02527395,0.04787758,0.01193795,0.00383282,0.00054625,0.02513653,0.03512707,0.00136948,0.00086465,0.00735551,0.01488426,0.01339188,0.05750892,0.01840794,0.00684
3gbb,6.9,0.9960446,0.99040806,0.99171805,0.99942344,0.99632895,0.9901067,0.9857167,0.9953052,0.99755067,0.98465395,0.9996452,0.99280834,0.96924263,0.9710307,0.97963274,0.9241644,0.9906589,0.99998695,0.93148,0.9970271,0.9527031,0.9790225,0.98985976,0.9630652,0.9316453,0.99992216,0.98922426,0.9863653,0.9979876,0.9537358,0.99969
3gc5,7.26,0.990371,0.99380124,0.9739661,0.99848557,0.97961307,0.9940579,0.9690954,0.9903754,0.9221226,0.99506414,0.9895904,0.9923769,0.9608656,0.9676654,0.9848327,0.9239205,0.9865302,0.9956678,0.9202459,0.9903219,0.9529948,0.9719064,0.9858115,0.96313965,0.9310448,0.9533542,0.98670447,0.9081292,0.97557324,0.9536852,0.96501
3ge7,8.7,0.988816,0.9734262,0.83691466,0.9802691,0.9907796,0.98736894,0.9628138,0.99267495,0.94829285,0.98713946,0.98718643,0.9811648,0.96525013,0.9159993,0.9786175,0.9237783,0.98018825,0.9918405,0.9299191,0.97273695,0.8830534,0.967126,0.98093075,0.96311855,0.92580914,0.9278656,0.9527446,0.8855473,0.9179201,0.92435426,0.8008
3gnw,9.1,0.08438602,0.12146342,0.05272615,0.00384146,0.02153778,0.07781807,0.080351,0.2891465,0.06874251,0.03852808,0.22600156,0.12770942,0.5028954,0.07015356,0.11784464,0.15291911,0.06313989,0.57910115,0.14635882,0.1662722,0.02805182,0.24405017,0.17592606,0.21298856,0.03830013,0.00812241,0.13028201,0.01172036,0.20830795,0.03849736,0.04958
3gr2,2.52,0.00264156,0.00285855,0.00059006,0.00259683,0.00046942,0.00099814,0.00419387,0.00488031,0.00017974,4.0930237e-05,0.00107932,0.00218892,0.01737285,0.02814761,0.005337,0.02967051,0.01127523,0.03604111,0.021117,0.0058476,0.00015029,0.01723981,0.01211089,0.00043109,0.00114951,0.0009993,0.00376952,0.00126103,0.00460958,0.00423247,0.00022
3gv9,2.12,0.00519425,0.00993851,0.00914681,0.00114182,0.01394841,0.07261741,0.01429212,0.02562422,0.00538456,0.01005891,0.00153974,0.01900819,0.01649889,0.06921884,0.01981297,0.00501442,0.01494032,0.03010631,0.00708646,0.00750238,0.00044945,0.03596407,0.00835571,0.02542463,0.00688398,0.01537207,0.00531906,0.00797117,0.01189372,0.04601756,0.00373
3gy4,5.1,0.02808601,0.05555516,0.07803372,0.38363183,0.01950082,0.11638299,0.01620713,0.03658429,0.14855808,0.0119127,0.09263912,0.03384709,0.00937894,0.05361122,0.0643788,0.0241572,0.00941557,0.00231102,0.0007537,0.00297388,0.01684707,0.01206839,0.01577139,0.07303894,0.00140759,0.00066167,0.01674908,0.01753202,0.05445269,0.00221097,0.0459
3ivg,4.3,0.6705627,0.70781916,0.4999906,0.3581041,0.41283083,0.6258465,0.329164,0.7325071,0.5892274,0.2651288,0.48257694,0.75170696,0.7337394,0.871832,0.3357339,0.7202605,0.23710912,0.5328238,0.36740416,0.9420227,0.76710975,0.66023296,0.3436802,0.8722865,0.06186393,0.32870024,0.44145846,0.5092162,0.6828857,0.7167063,0.22815
3jvr,5.72,0.950058,0.9138751,0.8109833,0.9916357,0.6089163,0.82298476,0.41620433,0.7299601,0.9415777,0.3471557,0.95165586,0.9056171,0.5131332,0.6618955,0.80076146,0.2632692,0.5630695,0.440781,0.503274,0.8259874,0.8487967,0.766502,0.61781377,0.9473153,0.5704752,0.6887538,0.85510266,0.80945694,0.54309434,0.7098416,0.76055
3jvs,6.54,0.05099925,0.18485919,0.01213706,0.31012172,0.00211397,0.0268378,0.06258526,0.23027062,0.04091877,0.00392997,0.03795114,0.01763889,0.15074843,0.01517171,0.14653504,0.02338108,0.0348784,0.01239312,0.06182456,0.0125874,0.00556189,0.07190928,0.12467819,0.03569958,0.01445889,0.04718044,0.00805873,0.01854983,0.17376462,0.2971048,0.68721
3jya,6.89,0.20815122,0.36193934,0.21072406,0.6605176,0.06537947,0.23276332,0.3390591,0.2905345,0.24771601,0.01490468,0.22826272,0.70744544,0.28810874,0.04698801,0.10941908,0.4699491,0.48938122,0.30566806,0.21916261,0.01778427,0.3728937,0.16125298,0.11897063,0.34998345,0.13246384,0.6157251,0.57423645,0.7466877,0.41351148,0.33531725,0.70474
3k5v,6.3,0.51187533,0.19328657,0.47028384,0.08139059,0.39886224,0.50841546,0.26396394,0.6000917,0.2930562,0.29828644,0.05540818,0.6120475,0.45657063,0.38379908,0.33077866,0.08918405,0.3460287,0.4660308,0.04807308,0.18272367,0.03347269,0.14460033,0.1627061,0.31149918,0.06081679,0.07187304,0.42882842,0.0931803,0.2199898,0.48502845,0.11987
3kgp,2.57,0.01020056,0.00522888,0.00055823,0.00159684,0.00099194,0.01283324,0.00243685,0.0224182,0.01234367,0.03022581,0.01818192,0.00286299,0.01785028,0.00717103,0.02210301,0.00091851,0.00119597,0.00450289,0.00074235,0.0005928,0.0112955,0.11386594,0.00475332,0.01511532,0.00022659,0.00044033,0.00823429,0.00719953,0.00776485,0.00050738,0.00115
3kr8,8.1,0.299505,0.581424,0.27226022,0.9934341,0.91983485,0.79973227,0.3181045,0.9511237,0.59281075,0.84229064,0.9687502,0.7662008,0.7628843,0.44726157,0.8434522,0.65671366,0.4616068,0.9515077,0.8989939,0.83153105,0.4957551,0.65947723,0.21297354,0.9631587,0.36543232,0.8600708,0.95117295,0.8248017,0.8967169,0.4048254,0.70744
3kwa,4.08,0.0029875,0.00102222,4.748013e-05,0.07425115,0.00081521,0.00535288,0.00021639,0.0023784,0.00156036,0.00121507,0.00613347,0.00012875,0.00529584,0.00065005,0.00218827,0.00107661,0.00072789,0.0010289,2.7292757e-05,0.00131047,0.01073202,0.01630914,0.01612946,0.00080469,5.915747e-05,0.00027525,0.01867861,7.186046e-06,0.00026026,0.00124919,2e-05
3l7b,2.4,0.00465381,0.00697115,0.03297389,0.00140584,0.0003553,0.0082055,0.00192583,0.02018401,0.01508167,0.0038828,0.0039241,0.00216776,0.07107866,0.0198558,0.05396137,0.02353826,0.02035096,0.01414722,0.00924546,0.00532016,0.00040433,0.00242534,0.02959919,0.01898253,0.01219374,0.00098282,0.00522748,0.01010785,0.00144732,0.00686505,0.02631
3lka,2.82,0.8896536,0.82615,0.7040519,0.04583472,0.3552112,0.6295575,0.80353105,0.8445812,0.60081065,0.2899347,0.6330651,0.22516897,0.82728416,0.72492844,0.5288448,0.55936253,0.61142826,0.6649985,0.54670995,0.67668957,0.0351823,0.38487792,0.6284509,0.2581675,0.18459806,0.52067626,0.35769543,0.11562946,0.76946616,0.36793435,0.93593
3mss,4.66,0.2110036,0.3642029,0.02066308,0.7353918,0.20533931,0.375256,0.0721004,0.20623648,0.67838037,0.08540392,0.8645535,0.31382662,0.43446457,0.2397545,0.14966512,0.29539287,0.34167588,0.37919104,0.18373531,0.10808206,0.11863464,0.45533663,0.35056856,0.7957438,0.04131833,0.08308232,0.23815101,0.05698359,0.1908217,0.22221434,0.82283
3myg,10.7,0.00219846,0.03009614,0.00136065,1.5769781e-05,0.00054595,0.0052698,0.00468883,0.01541162,0.00056237,0.00122854,0.00305849,0.00310114,0.0246844,0.00348377,0.00438151,0.01515841,0.0016056,0.00055912,0.01244083,0.00611809,0.00022107,0.02564684,0.12282726,0.00324211,0.00086597,0.00021303,0.00390288,0.00199929,0.00364447,0.00522518,0.00332
3n76,6.85,0.95361674,0.54671264,0.0713591,0.84170836,0.8747163,0.7553551,0.81189245,0.8355025,0.8388883,0.9234508,0.6887835,0.8568778,0.7479206,0.74463385,0.8601961,0.83882266,0.8618675,0.8719296,0.6075668,0.5303248,0.38360304,0.588746,0.94169205,0.92144465,0.49437428,0.85973954,0.8625378,0.71698576,0.7085372,0.7536651,0.84552
3n7a,3.7,0.5909196,0.02946848,0.02302715,0.00150871,0.08220029,0.09037858,0.10441801,0.05775896,0.0078012,0.00495619,0.01147181,0.00409046,0.14699751,0.15998009,0.25825015,0.00562081,0.01461947,0.28895885,0.05433938,0.00115699,8.2416445e-05,0.06576538,0.18819416,0.090563,0.00121009,0.00327682,0.09034756,0.01523432,0.09551048,0.10616612,0.00279
3n86,5.64,0.93821496,0.7784579,0.08244115,0.97515595,0.8936311,0.74502295,0.82549214,0.8818772,0.12342399,0.93723136,0.7681949,0.6912082,0.9223179,0.8887538,0.9086473,0.87986803,0.9275427,0.852092,0.6129747,0.75358,0.7989117,0.5959531,0.86704266,0.57921815,0.6956618,0.95538545,0.7193694,0.7388139,0.9109212,0.87827826,0.76415
3nq9,4.03,0.8901285,0.8459909,0.8684411,0.9870764,0.9057952,0.81565034,0.79555213,0.90048283,0.94442236,0.890107,0.9773798,0.6283438,0.6757885,0.7420994,0.87635374,0.62637776,0.91055167,0.83189714,0.9190359,0.84396577,0.6917865,0.8779186,0.8823513,0.86723506,0.87785316,0.8007945,0.7783741,0.9139508,0.9391994,0.9332101,0.78681
3nw9,9.0,0.7791268,0.68919986,0.6161903,0.76352936,0.7723877,0.12920916,0.42213053,0.42042738,0.8061032,0.47893792,0.54397124,0.17102242,0.88890016,0.55836886,0.73446006,0.71694684,0.65251446,0.502881,0.54222,0.5700459,0.52941054,0.29240754,0.8359933,0.96318614,0.9313976,0.91470087,0.31480747,0.55956525,0.78414524,0.61744404,0.61903
3nx7,8.1,0.9872921,0.98326886,0.9799531,0.9974864,0.95514333,0.9587846,0.9647784,0.96843004,0.9920881,0.9875127,0.9670303,0.9758464,0.93656397,0.96034,0.9495386,0.9113432,0.9604667,0.9988643,0.9311589,0.99575686,0.95261997,0.90383995,0.95925725,0.9631293,0.9222338,0.99669194,0.98333454,0.95021296,0.98212504,0.9533771,0.97925
3o9i,11.82,0.9817932,0.9778015,0.9606364,0.99974644,0.9550778,0.85617447,0.964451,0.9620223,0.9876265,0.9899913,0.94629157,0.9747083,0.94676554,0.96694016,0.94716704,0.9240804,0.98511153,0.9418044,0.9307385,0.9791213,0.952711,0.9643523,0.98283297,0.9507069,0.93167794,0.9996989,0.948889,0.9490681,0.9792446,0.95349926,0.99995
3oe4,7.47,0.40397397,0.33475244,0.06889659,0.02020788,0.02376673,0.03636718,0.00556898,0.02120399,0.2274634,0.02750155,0.08065838,0.19186005,0.32126677,0.14604118,0.410191,0.53262687,0.75387883,0.10860869,0.4852234,0.00138426,0.01995218,0.06070521,0.03715289,0.43292472,0.7295901,0.8384036,0.01647872,0.05429807,0.51845294,0.36203256,0.3718
3oe5,6.88,0.11056322,0.189874,0.18397808,0.03650254,0.07567587,0.11742985,0.06235051,0.0786843,0.25885406,0.4558538,0.00754648,0.05473772,0.15382153,0.25669694,0.50223213,0.44639808,0.31195757,0.01453695,0.4805001,0.01850086,0.02648121,0.08210686,0.41805354,0.5332091,0.608201,0.72998613,0.04440436,0.012128,0.4432314,0.48509502,0.34803
3ozs,5.33,0.33980876,0.22736084,0.2439354,0.03127429,0.23847193,0.17611405,0.03966901,0.22818711,0.4148013,0.12991676,0.8161597,0.8519373,0.572651,0.41454747,0.23512533,0.2616492,0.59177953,0.38024557,0.27868646,0.52259076,0.3216928,0.09394342,0.26262927,0.78904,0.6050643,0.8227994,0.10596523,0.8256898,0.4531709,0.38647723,0.59839
3ozt,4.13,0.18946582,0.44185507,0.6936769,0.5882604,0.03124878,0.15899101,0.1686571,0.16171947,0.5664054,0.23480633,0.04120204,0.37833825,0.7260012,0.4329905,0.7788938,0.5000258,0.6952862,0.20684826,0.5127067,0.31051052,0.05322877,0.17738336,0.1550729,0.48357266,0.48007828,0.940865,0.07123482,0.4109526,0.6155523,0.42268783,0.58884
3p5o,7.3,0.9686716,0.9239612,0.9009594,0.9736011,0.787848,0.85963106,0.6241828,0.884674,0.9022796,0.7066879,0.27029762,0.9170549,0.7876133,0.7786158,0.7499532,0.6816866,0.91997015,0.7784649,0.7829815,0.97260153,0.5513318,0.3222177,0.7014355,0.76982856,0.86931634,0.85455996,0.6516704,0.8856001,0.7707046,0.7897801,0.40253
3prs,7.82,0.8690183,0.9134372,0.7074465,0.976614,0.7468543,0.6507934,0.8823261,0.7856516,0.7626103,0.857568,0.5081256,0.87513953,0.7386971,0.928398,0.9152078,0.88127613,0.7358101,0.41439882,0.7173357,0.8763204,0.75528437,0.9453795,0.27927172,0.6021301,0.3399902,0.29846472,0.8546674,0.26379722,0.61677253,0.7653146,0.61319
3pww,7.32,0.9522121,0.9020284,0.88708735,0.9957637,0.9181722,0.9067131,0.916823,0.91604173,0.9660193,0.92832905,0.9399462,0.9617798,0.90886664,0.7583623,0.92136115,0.91498965,0.91987824,0.9416599,0.92694205,0.9436993,0.9508755,0.9165019,0.923892,0.893178,0.8838206,0.93414056,0.92086077,0.89497507,0.9324789,0.95369005,0.93361
3pxf,4.43,0.5926424,0.08897296,0.25891757,0.09223625,0.3177926,0.31792498,0.5394753,0.60852385,0.4374115,0.17875051,0.9023299,0.0103561,0.78479517,0.7532636,0.5343535,0.9089258,0.47363028,0.6205014,0.8714802,0.06065583,0.05166265,0.6914245,0.52501893,0.40634686,0.43649578,0.29840684,0.26640677,0.7620836,0.8925965,0.91159415,0.35324
3pyy,6.86,0.54336095,0.5769134,0.4472411,0.8291017,0.2754535,0.4231974,0.06575039,0.23477349,0.6119006,0.6728019,0.5818731,0.70341384,0.19960475,0.1737141,0.33016264,0.31672314,0.29256397,0.33669347,0.30373812,0.3991202,0.24991226,0.07373968,0.21189496,0.29870242,0.18482414,0.44201767,0.19677064,0.4176347,0.49854648,0.37902117,0.3695
3qgy,7.8,0.6902609,0.7555392,0.43027103,0.39659336,0.5418535,0.59233916,0.4294644,0.47008717,0.5190725,0.2220779,0.70249945,0.41307488,0.5422921,0.29973006,0.39408797,0.83639675,0.40463483,0.5753345,0.43380302,0.61108965,0.14118925,0.51271653,0.4994115,0.9175414,0.10850772,0.39879048,0.59558904,0.43318114,0.6874243,0.5056705,0.06553
3qqs,5.82,0.95222604,0.93469703,0.91917735,0.9786242,0.6076777,0.91610205,0.84511393,0.8528505,0.95830333,0.92091525,0.888054,0.94667435,0.7345586,0.8839977,0.79246354,0.65849066,0.9312503,0.74040455,0.7441834,0.9018409,0.9026877,0.5902195,0.73130083,0.9101411,0.31931686,0.5066349,0.68290466,0.88577294,0.5714673,0.8860486,0.904
3r88,4.82,0.66342926,0.848667,0.3530801,0.71728796,0.3812552,0.16407266,0.16978937,0.29437146,0.8487375,0.27397016,0.17721665,0.72022396,0.2125054,0.15193537,0.24301222,0.12369063,0.54385996,0.0588932,0.00744149,0.7585155,0.04531276,0.27978516,0.341856,0.45176646,0.19336626,0.0179826,0.35871667,0.06742626,0.27846462,0.19752526,0.22178
3rlr,7.52,0.8572943,0.70845896,0.6026639,0.99002707,0.7644731,0.6417657,0.27684504,0.7798584,0.01976329,0.4933801,0.98579824,0.979861,0.19290927,0.6428438,0.292478,0.92132264,0.49928418,0.7930163,0.597993,0.73405397,0.39853293,0.80504715,0.86522865,0.91232634,0.71241575,0.849897,0.4935,0.5008726,0.56714255,0.6577699,0.65151
3rr4,4.55,0.39330903,0.12606648,0.03316003,0.00124735,0.00631109,0.93735766,0.06692818,0.5274965,0.07286203,0.46808353,0.44723976,0.29071745,0.3041383,0.20446292,0.92389476,0.03435209,0.4789374,0.10454997,0.10464549,0.00906789,0.11790755,0.32764447,0.25974154,0.3094871,0.10335749,0.01980793,0.1568408,0.42623532,0.31314403,0.21783975,0.15538
3rsx,4.41,0.35740966,0.9589859,0.3522768,0.8249824,0.42287132,0.7484165,0.3567257,0.7640536,0.09401819,0.55503315,0.28916347,0.61799514,0.7651746,0.4087726,0.6519996,0.8914675,0.31270868,0.7983647,0.83188397,0.03994158,0.29384577,0.768919,0.3778439,0.9631417,0.77274925,0.13055116,0.6670923,0.7325132,0.8251166,0.21859238,0.66052
3ryj,7.8,0.8514015,0.8488234,0.4281376,0.22737515,0.6942009,0.87063,0.50957936,0.743316,0.50643146,0.1469923,0.05477828,0.03629309,0.9188448,0.49859235,0.48978192,0.34022373,0.8304932,0.21064803,0.4061352,0.02996975,0.00307786,0.45622307,0.39776498,0.01149756,0.13364625,0.08613527,0.444387,0.01675117,0.221199,0.01631302,0.98132
3syr,5.1,0.13815224,0.01338342,0.6689943,0.06203172,0.00387239,0.05126244,0.0346157,0.08609945,0.21273127,0.03426132,0.08643067,0.00528669,0.5376641,0.16159454,0.19554397,0.15125504,0.05633691,0.04938653,0.09547624,0.03141016,0.01516882,0.01480475,0.3554302,0.03010863,0.04146841,0.02008387,0.08591795,0.1952604,0.04507661,0.02393544,0.03228
3tsk,7.17,0.79903865,0.7229276,0.23190844,0.7786349,0.75373,0.7533207,0.41617867,0.70855445,0.9083212,0.14427108,0.21100307,0.2929113,0.49728635,0.45264822,0.7081868,0.8674226,0.2201809,0.38556767,0.9153522,0.7945744,0.5477721,0.7538161,0.04026678,0.8934717,0.18828225,0.66059566,0.5705553,0.5715622,0.5418659,0.8615541,0.92195
3twp,3.92,0.2415776,0.33001792,0.32008594,0.09924367,0.05907729,0.10015279,0.05116871,0.13499978,0.6789024,0.01185662,0.01264024,0.10193115,0.13784784,0.2665328,0.1556941,0.09454554,0.2670416,0.06609488,0.14782065,0.02036962,0.02665555,0.1434643,0.11418268,0.07663122,0.03169298,0.02057716,0.05445489,0.04876959,0.05135337,0.06556526,0.00904
3u5j,5.61,0.26030695,0.1350973,0.3126117,0.11537355,0.20207822,0.10410985,0.14210582,0.16129291,0.12185588,0.04887885,0.00969473,0.17944008,0.6079744,0.04240105,0.10600883,0.13172483,0.30923212,0.21383578,0.3501842,0.10384008,0.01966307,0.09690779,0.1827353,0.30889523,0.14533377,0.5338204,0.22531173,0.25257915,0.5132096,0.10567263,0.45416
3u8k,8.66,0.36871308,0.05260292,0.66117907,0.45612234,0.01558828,0.06861877,0.07460442,0.69459194,0.02547085,0.17029274,0.13269505,0.7315663,0.31803972,0.29423648,0.41341645,0.80661255,0.38654035,0.2963329,0.3407212,0.93494093,0.1347622,0.27189296,0.51803505,0.12333688,0.04720038,0.2594602,0.11284766,0.02219003,0.4015603,0.03300637,0.951
3u8n,10.17,0.11326805,0.02410799,0.63166606,0.34245396,0.00926182,0.00849149,0.07765222,0.4698217,0.00152639,0.00648823,0.02188274,0.60973036,0.16274974,0.15243047,0.1944874,0.67573637,0.14837718,0.09486824,0.15707803,0.9833184,0.21039546,0.11037609,0.58284885,0.21865678,0.00911504,0.11882776,0.16006306,0.0180392,0.36270958,0.00288042,0.25194
3u9q,4.38,0.25060368,0.03680781,0.13416442,0.4708615,0.15958634,0.06677231,0.08402303,0.26629132,0.02343184,0.07731482,0.15270793,0.2037082,0.16744217,0.15033108,0.02596623,0.09162724,0.12776849,0.0189935,0.7118448,0.2302753,0.00239414,0.02345258,0.02946872,0.04265895,0.09352535,0.02676544,0.04050624,0.00422707,0.46597543,0.03471392,0.17333
3udh,2.85,0.21767297,0.0457665,0.02482629,0.03897336,0.09222636,0.02570692,0.23592743,0.16582486,0.05656785,0.00095212,0.00929013,0.03249177,0.25551474,0.10341406,0.11528367,0.3322547,0.1457929,0.25185668,0.1734742,0.00268167,0.00314087,0.3389902,0.0460797,0.09310561,0.25597364,0.06287181,0.06070387,0.16756529,0.1855641,0.06486249,0.01818
3ueu,5.24,0.7345484,0.46226674,0.64231336,0.9522427,0.7611687,0.39443225,0.55275714,0.8530009,0.74180925,0.56728876,0.85029876,0.64048415,0.5565185,0.41259637,0.8024016,0.37499726,0.8864682,0.28412193,0.5953343,0.5524968,0.22844732,0.78578377,0.6222887,0.41763797,0.56771654,0.7838836,0.5059557,0.50880456,0.50404596,0.4289953,0.99444
3uev,5.89,0.95638955,0.9082306,0.9378506,0.99616635,0.94242895,0.7625825,0.8807653,0.9589038,0.97451746,0.95533717,0.98972213,0.95897675,0.88026965,0.8541945,0.9263873,0.69913495,0.96675944,0.6661851,0.908803,0.90186304,0.8283149,0.9535159,0.9311248,0.9496872,0.90353537,0.96613085,0.80803984,0.9042584,0.95747364,0.9113764,0.9976
3uew,6.31,0.9648638,0.92884785,0.8874194,0.9943074,0.9432336,0.7709493,0.86695147,0.965749,0.9215296,0.95322853,0.9878216,0.89886504,0.88110375,0.7566079,0.9337324,0.7172927,0.97334504,0.7179346,0.88259554,0.7906552,0.7982322,0.9606923,0.934953,0.9629243,0.8850185,0.9051323,0.81970936,0.90668744,0.9778402,0.92881626,0.9157
3uex,6.92,0.97284603,0.892946,0.915499,0.9944832,0.9194764,0.75967026,0.85665596,0.96968484,0.9369886,0.9415338,0.99127394,0.89273536,0.9061836,0.75927854,0.9362135,0.7317204,0.9708748,0.6664368,0.8868335,0.64190704,0.51607555,0.9655729,0.93179715,0.94646,0.864359,0.90796924,0.80234075,0.8885448,0.9592234,0.9178374,0.905
3ui7,9.0,0.943655,0.5279813,0.09115255,0.45136154,0.6729898,0.6767504,0.71481174,0.64023715,0.09412777,0.24999085,0.01938307,0.56256497,0.5315361,0.7813356,0.40346527,0.40449804,0.38517946,0.7667918,0.6685837,0.81450963,0.7939049,0.5639223,0.57258624,0.7412135,0.52724344,0.23940143,0.13699389,0.4605335,0.21265903,0.7272943,0.15512
3uo4,6.52,0.9074868,0.39459002,0.77368236,0.02759725,0.39078373,0.82707703,0.63822854,0.5609298,0.16425672,0.7585888,0.5365366,0.72190267,0.47732598,0.5232575,0.48247942,0.681639,0.7840404,0.5337961,0.68444014,0.10293114,0.6352505,0.68364686,0.5045036,0.9216387,0.29036465,0.21159846,0.7868056,0.8140031,0.576216,0.44912305,0.95632
3up2,7.4,0.9498638,0.5074962,0.83892715,0.05511877,0.62422913,0.9183853,0.83878565,0.6704671,0.7853744,0.6024915,0.81452817,0.81820834,0.5921018,0.73606384,0.6657897,0.62377745,0.7774887,0.84922767,0.6730769,0.71957713,0.698535,0.77934253,0.7462943,0.9192412,0.4115394,0.67172545,0.91973275,0.8839592,0.5791812,0.6610073,0.94753
3uri,9.0,0.67240053,0.66184866,0.16934857,0.98463404,0.4334533,0.7027995,0.8253187,0.4947683,0.21522287,0.8464563,0.43229768,0.7827938,0.8222351,0.65836406,0.90169764,0.8087553,0.6401325,0.06843558,0.62207204,0.7511831,0.7053603,0.93433654,0.42638585,0.18939218,0.14454365,0.37071612,0.39342606,0.21813512,0.8230679,0.71773326,0.4269
3utu,10.92,0.94737583,0.9753492,0.9202361,0.9762672,0.8574139,0.9597242,0.9589125,0.9491098,0.7612386,0.9725934,0.99577904,0.8985679,0.946838,0.9173387,0.8965665,0.92418927,0.97171926,0.97196174,0.8423079,0.9846097,0.9260428,0.9097344,0.9495238,0.9630952,0.92730165,0.98054564,0.92001486,0.9208369,0.9385196,0.9533217,0.65103
3uuo,7.96,0.92753863,0.22534415,0.15796497,0.12008804,0.30604666,0.15052179,0.17157602,0.4879715,0.08156723,0.22317779,0.31358448,0.47792217,0.32523295,0.613376,0.09642845,0.17982963,0.09105021,0.4040779,0.19965795,0.54422194,0.12215304,0.25667882,0.43978107,0.327684,0.03816471,0.10406104,0.08057442,0.40150598,0.15078971,0.16757128,0.05435
3wtj,6.53,0.5317822,0.5557848,0.24393052,0.8475633,0.01804805,0.31518093,0.2223351,0.5124511,0.29406047,0.02405733,0.26596808,0.9623965,0.81072277,0.48713362,0.4818941,0.05628744,0.2791865,0.11434692,0.09315556,0.10802624,0.01694873,0.11119336,0.15416789,0.00668225,0.00682774,0.01830906,0.01396084,0.5371715,0.0616875,0.45045784,0.11479
3wz8,5.82,0.9447447,0.8161591,0.33182064,0.97346085,0.25767386,0.8126098,0.17719045,0.8085697,0.5920654,0.8223389,0.6784489,0.7137676,0.5962722,0.81759226,0.94157106,0.54561085,0.81396556,0.35496056,0.68742937,0.7746611,0.27282703,0.751946,0.30072662,0.77795124,0.28000295,0.6906551,0.83864456,0.5529463,0.7581819,0.9084766,0.82702
3zdg,7.1,0.98514974,0.99320096,0.5736093,0.9902922,0.9315355,0.68034744,0.96021795,0.95883334,0.98754025,0.96255404,0.9855948,0.9849212,0.31458408,0.9426079,0.96654147,0.9150078,0.29211402,0.6681192,0.9157547,0.9940541,0.94944525,0.95236945,0.9763093,0.96309114,0.85836136,0.69856393,0.978882,0.88544416,0.8295057,0.3283477,0.99114
3zso,5.12,0.04697475,0.01538163,0.0073939,0.00491527,0.05043098,0.04143,0.01921538,0.19041976,0.02352053,0.00926995,0.00636485,0.15787217,0.0408909,0.09564397,0.03361294,0.00442666,0.01600111,0.06164131,0.01529843,0.12984437,0.02312732,0.06398764,0.01896727,0.57502824,0.00782716,0.048004,0.02249455,0.02501315,0.03148463,0.02823284,0.01743
3zsx,3.28,0.13005486,0.01995385,0.03013638,0.0334124,0.04189119,0.13576263,0.06076631,0.12509668,0.08839393,0.0121139,0.01366186,0.07238299,0.15645677,0.07410035,0.08727476,0.01474401,0.03092551,0.12328729,0.06173143,0.09239474,0.02037418,0.07176173,0.0659,0.54778683,0.0295963,0.10926208,0.02182075,0.08525148,0.06030685,0.07100254,0.01276
3zt2,2.84,0.0857099,0.04714084,0.01658496,0.01979256,0.04880208,0.04449463,0.02329883,0.14443547,0.03258932,0.01195517,0.0311985,0.04930961,0.14277172,0.04932812,0.13359603,0.04500452,0.07553151,0.14967656,0.1278674,0.01273686,0.01530311,0.04317817,0.06886262,0.12427476,0.09109417,0.04180303,0.04311612,0.07505763,0.07076973,0.08693936,0.01233
4abg,3.57,0.01720917,0.01517901,0.00023308,0.00920776,0.00592792,0.02407846,0.00479555,0.07820737,0.0046846,0.09685382,0.01869258,0.00132442,0.04202572,0.04918909,0.05683577,0.00093102,0.00044861,0.01739192,0.00165334,0.00132489,0.00757489,0.00478402,0.02828571,0.00208724,0.0001407,0.00041392,0.00809309,0.00565833,0.00722811,0.00133181,0.00039
4agn,3.97,0.0097594,0.48193797,0.03925681,0.19662213,0.00662205,0.00288025,0.12675479,0.00945726,0.584021,0.01248831,0.14048281,0.08674523,0.00952604,0.04853761,0.06249124,0.02741438,0.07650462,0.42600387,0.08770919,0.00569311,0.01242208,0.0074783,0.23867857,0.0972895,0.13933909,0.0092212,0.03101173,0.00057426,0.03000143,0.06290933,0.01638
4agp,4.69,0.04143149,0.27621505,0.26860762,0.56617343,0.03915215,0.5138447,0.12352037,0.00950655,0.58577377,0.09162772,0.18203196,0.2911806,0.06128487,0.22629789,0.06584048,0.09018061,0.18755722,0.15333915,0.05483809,0.0482842,0.01893759,0.06554317,0.127139,0.24822253,0.15918937,0.06905988,0.03347236,0.04769668,0.12204975,0.1487369,0.11491
4agq,5.01,0.30026555,0.82855207,0.66046405,0.9820813,0.44385713,0.60397404,0.23910508,0.12684676,0.93895024,0.6301812,0.6845897,0.92152286,0.09210002,0.1931184,0.24670637,0.32520872,0.6780872,0.6687051,0.43420872,0.11445141,0.20615661,0.28021157,0.6535992,0.8368298,0.7052896,0.38238552,0.2598709,0.5084221,0.494086,0.65031064,0.14815
4bkt,3.62,0.03188467,0.01950854,0.01552761,0.00365064,0.01543695,0.01887497,0.113666,0.04465365,0.00543889,0.03779805,0.00468633,0.03734994,0.22533557,0.02296424,0.02476451,0.09943518,0.04620734,0.05482638,0.00801039,0.02004626,0.00142404,0.11791486,0.02791184,0.01833844,0.0009515,0.08750141,0.00743106,0.00546709,0.02122173,0.09843317,0.01273
4cig,3.67,0.05677947,0.04171392,0.00616005,0.00741386,0.13962385,0.04151344,0.01337564,0.10285756,0.01730323,0.00719461,0.00564155,0.04679513,0.13523081,0.14101276,0.209771,0.02168033,0.07520777,0.07010254,0.00451475,0.0091069,0.05894375,0.10663497,0.02513462,0.66322476,0.12312755,0.18989578,0.10439637,0.02650791,0.09224609,0.02185467,0.22451
4ciw,4.82,0.7839372,0.30660146,0.07849938,0.04010871,0.5179499,0.44304425,0.6014041,0.5102868,0.40950677,0.5056011,0.29619122,0.5397347,0.5998539,0.88012314,0.48589417,0.46048105,0.60654265,0.6925897,0.6101085,0.32937685,0.22387299,0.6187578,0.9119001,0.8971982,0.13371867,0.5706626,0.41706556,0.2931339,0.9392347,0.66289294,0.2577
4cr9,4.1,0.00433594,0.01957944,0.00236934,0.00056389,0.00154361,0.01513484,0.0158152,0.01718861,0.00535253,0.00560072,0.0007636,0.00018781,0.03128958,0.00954503,0.04273045,0.05356899,0.0032182,0.00108466,0.00047171,0.00123617,0.00038823,0.03841528,0.00265431,0.00020304,0.00020877,0.00033224,0.00253901,0.00519982,0.00805724,0.00063497,0.00351
4cra,7.22,0.29003608,0.6703376,0.04913762,0.1591079,0.5308608,0.8516433,0.3049162,0.4522759,0.5810603,0.62341917,0.6243268,0.20910385,0.47268683,0.36187297,0.45611268,0.43982038,0.24028614,0.37719965,0.09985128,0.7472869,0.82490027,0.33486527,0.34273535,0.5856604,0.21718973,0.05521017,0.41604578,0.6459403,0.5656618,0.65569353,0.8668
4crc,8.72,0.10463899,0.01763031,0.00401375,0.3402694,0.12124836,0.40391192,0.46588615,0.15940222,0.1288724,0.08755535,0.9301325,0.10312036,0.42054874,0.03170756,0.22470897,0.1482133,0.18622598,0.05367801,0.73572946,0.7026726,0.12963676,0.34257317,0.05095652,0.29024094,0.37407172,0.01611742,0.27779657,0.08442324,0.39002612,0.47992522,0.51691
4ddh,3.32,0.18197674,0.3414473,0.21316472,0.0115841,0.01640713,0.12445125,0.03086975,0.5888831,0.08325726,0.16712895,0.06593838,0.03229541,0.38382375,0.37022093,0.26095694,0.4306205,0.1106756,0.35418203,0.06010544,0.14537111,0.06263629,0.30716497,0.095375,0.09365764,0.25525367,0.05077267,0.11029974,0.01124063,0.19466847,0.5767604,0.07238
4ddk,2.29,0.00251099,0.00255805,0.00027528,0.00022888,0.00051743,0.00184134,0.00131935,0.01432201,0.00067911,0.00596929,0.00024205,0.00072634,0.01555246,0.00798526,0.03650871,0.00611854,0.03305429,0.01394355,0.00341314,0.01234406,0.00112,0.01927343,0.00863299,0.0484482,0.00112194,0.00103223,0.00421154,0.0005435,0.00321743,0.03639033,0.00341
4de1,5.96,0.05454502,0.22860888,0.283881,0.06301504,0.00522935,0.4407262,0.00392973,0.28210434,0.00099409,0.00177965,0.00204372,0.74889153,0.04666266,0.31194162,0.20237845,0.65078664,0.07186437,0.07687911,0.41076314,0.6203012,0.82182884,0.4500957,0.19943452,0.2260386,0.48384568,0.01294562,0.04266128,0.02482337,0.13391343,0.90510345,0.00427
4de2,4.12,0.00322568,0.0277437,0.0952557,0.00054359,0.00582048,0.03410941,0.01012573,0.26207757,0.00977811,0.00144041,0.001937,0.01007265,0.02646363,0.16042587,0.01868126,0.06166714,0.00291377,0.00563654,0.01080751,0.03945324,0.37470365,0.09389663,0.05902675,0.00043705,0.01107371,0.00511739,0.00483999,0.00621277,0.00529689,0.5817878,0.00152
4de3,5.52,0.49474296,0.78909916,0.49762362,0.08054173,0.25055683,0.8078202,0.36619914,0.6987151,0.04619804,0.02468839,0.49586892,0.9541044,0.28568196,0.5380342,0.2507233,0.65819246,0.89707196,0.33329123,0.4273043,0.8400728,0.8658194,0.71799296,0.542849,0.51150584,0.5898849,0.15975448,0.36967027,0.2765558,0.21388769,0.82777673,0.0389
4djv,6.72,0.9372407,0.18141916,0.29197216,0.91443896,0.0877876,0.851614,0.1955171,0.90144014,0.43690687,0.49008152,0.97113883,0.6059897,0.82528585,0.29673028,0.49319303,0.7858635,0.44244274,0.09711546,0.16325438,0.7913147,0.64964664,0.27616754,0.18586117,0.8410532,0.5835622,0.20262054,0.17146757,0.29023415,0.16614088,0.15721399,0.67859
4dld,5.82,0.99733174,0.9858984,0.9714727,0.9992431,0.97267777,0.9632298,0.97969764,0.9887034,0.9965075,0.97451854,0.9984928,0.98913705,0.9602227,0.97487056,0.97509325,0.92426306,0.9895729,0.99916524,0.9296564,0.99572897,0.9529128,0.9724301,0.9633775,0.9630802,0.93056685,0.9987849,0.9899355,0.94742745,0.9935118,0.95375955,0.99887
4dli,5.62,0.04958314,0.00630003,0.01957524,0.01840088,0.00399804,0.07411531,0.07583457,0.15109923,0.05563387,0.25529152,0.00112057,0.02556804,0.27271605,0.03036186,0.01726064,0.15792972,0.06851852,0.05343062,0.04535663,0.00957042,0.002,0.07848513,0.01586768,0.05390149,0.00311834,0.01230094,0.01088619,0.02027202,0.10663709,0.0064525,0.01864
4e5w,7.66,0.01926196,0.00648558,0.01317576,0.00030613,0.00592071,0.00852883,0.00528681,0.00482216,0.00553069,0.00388879,0.00240982,0.00700039,0.40032002,0.11403441,0.03271037,0.04053068,0.01035926,0.05908567,0.01083219,0.00230992,0.0007022,0.01052651,0.14567193,0.00528196,0.00477883,0.00258636,0.01618266,0.00072715,0.1029126,0.00472182,0.11908
4e6q,8.36,0.6833855,0.49121827,0.6988221,0.9037199,0.79866487,0.64814776,0.20276472,0.72533786,0.8555995,0.4038061,0.42933464,0.709139,0.61664534,0.7013384,0.42736843,0.70090216,0.62919235,0.667985,0.41060156,0.6362343,0.4102612,0.54921573,0.71332544,0.66734827,0.28374222,0.35213006,0.60197973,0.8856458,0.66976374,0.3932626,0.26688
4ea2,6.44,0.95497346,0.90240455,0.90068495,0.9719339,0.9367544,0.21616387,0.5015975,0.91366065,0.660288,0.9305762,0.95836735,0.93883765,0.6437092,0.5681833,0.830647,0.06670922,0.35889393,0.57114786,0.77194834,0.3993995,0.5655165,0.6513822,0.83672255,0.9484836,0.20449963,0.6152718,0.55927145,0.92324156,0.8842381,0.6252271,0.21529
4eky,3.52,0.27702206,0.03846291,0.11870313,0.00081483,0.00511631,0.04006985,0.00619331,0.08664611,0.11196405,0.10649329,0.3402902,0.00041819,0.32364315,0.33909056,0.05394715,0.17749274,0.2543447,0.07437602,0.26206857,0.00448829,0.00448576,0.00509119,0.90880734,0.00799495,0.03567192,0.1624952,0.03420675,0.1321128,0.16585442,0.0100866,0.14056
4eo8,8.15,0.9781828,0.9899196,0.95482206,0.99921995,0.96509826,0.8625107,0.93379426,0.97302276,0.99025023,0.99342036,0.99894154,0.99086654,0.92939115,0.9624773,0.9399453,0.92387736,0.97373784,0.99632597,0.930333,0.9871578,0.9530568,0.93746793,0.9444072,0.9631109,0.9315573,0.9843139,0.9749565,0.9421851,0.96442425,0.95358723,0.99965
4eor,6.3,0.96230847,0.893704,0.93569154,0.9952254,0.91041183,0.9034328,0.9306984,0.9609022,0.957324,0.9297228,0.98542786,0.8790611,0.8926381,0.9102018,0.90580475,0.9239594,0.92987216,0.98237973,0.92867786,0.985423,0.87908006,0.90222454,0.94735974,0.9631388,0.9302112,0.97089314,0.9167063,0.89379776,0.9540297,0.9504324,0.99302
4f09,6.7,0.40694198,0.74337965,0.5900626,0.80827665,0.63852686,0.46057415,0.18099475,0.7679795,0.38392007,0.24596441,0.7812795,0.79215276,0.65112954,0.69570976,0.3303954,0.61609054,0.6382897,0.62973547,0.36539334,0.64366305,0.28164077,0.37504852,0.70137304,0.6139351,0.39988512,0.21107563,0.18467268,0.809361,0.6814459,0.199716,0.05394
4f2w,11.3,0.9415406,0.95989287,0.5536418,0.9628349,0.8508372,0.9501308,0.54500645,0.9751474,0.9636034,0.7878486,0.9191526,0.92221856,0.9065651,0.69863385,0.950477,0.8354527,0.81986076,0.8630496,0.7766949,0.77588797,0.93353784,0.91325676,0.8180108,0.93836635,0.7310783,0.67244697,0.287646,0.9015226,0.83973527,0.8445393,0.50231
4f3c,11.82,0.969694,0.94336295,0.8110391,0.82715917,0.83261836,0.97323316,0.5956886,0.97994757,0.96391785,0.9046855,0.97778726,0.86665726,0.9299213,0.7188788,0.9502357,0.89028656,0.9503951,0.9290489,0.8674921,0.90329885,0.9319092,0.9231824,0.92990553,0.96316373,0.90251315,0.86909026,0.64195204,0.91697156,0.90206885,0.89511144,0.77606
4f9w,6.94,0.04216626,0.1271708,0.00588191,0.00718912,0.44561952,0.02497146,0.00421715,0.3466536,0.00828835,0.00587729,0.0253998,0.00669816,0.03052449,0.16235578,0.01907983,0.5938403,0.08378634,0.07631224,0.30273533,0.01765233,0.03386548,0.09753203,0.05168697,0.01472583,0.08775011,0.05035707,0.01430899,0.04809368,0.50124097,0.3720588,0.22205
4gfm,7.22,0.83038163,0.46646154,0.45017898,0.5100654,0.40021366,0.37947655,0.09003887,0.64655143,0.38611114,0.32829592,0.8227221,0.50622106,0.41292474,0.08612934,0.16356492,0.69560194,0.5715474,0.3742938,0.36299244,0.31545803,0.19076654,0.18062326,0.1126532,0.75429523,0.14225754,0.6727295,0.8362148,0.70747435,0.51713765,0.5018191,0.36
4gid,10.77,0.83898914,0.90553886,0.7663568,0.99350435,0.87068784,0.77824163,0.933244,0.9367752,0.9536717,0.9082125,0.94413805,0.762583,0.9141988,0.6429554,0.94825125,0.9225899,0.9667609,0.98276424,0.9296888,0.98689985,0.94952315,0.96434987,0.83060616,0.9324473,0.7997364,0.9423987,0.9323725,0.94129926,0.9322344,0.953732,0.8907
4gkm,5.17,0.9638764,0.9359715,0.94291204,0.9869855,0.7443758,0.9201685,0.79469025,0.846426,0.99039304,0.92788696,0.93316275,0.95672554,0.8107019,0.9017782,0.88061404,0.7614248,0.922472,0.535034,0.6788177,0.9166108,0.8468076,0.6696044,0.8427595,0.91106033,0.66818833,0.61509556,0.7531576,0.88578117,0.5821345,0.86609924,0.86046
4gr0,9.55,0.9889365,0.9657786,0.9642494,0.99624383,0.95325285,0.9799024,0.9607304,0.9520328,0.98929465,0.9737656,0.9872067,0.9690367,0.9055574,0.97050524,0.9271265,0.92419326,0.982293,0.982075,0.93170124,0.98445654,0.95258087,0.9312382,0.9520767,0.963161,0.93091273,0.97808874,0.9720398,0.94232213,0.9687139,0.9538357,0.97351
4hge,7.92,0.9565812,0.9438702,0.91204584,0.97559524,0.95072836,0.905861,0.9202991,0.95957905,0.96209943,0.8491659,0.9415153,0.9447809,0.9373119,0.9539194,0.9263388,0.9251524,0.95164764,0.9792584,0.88938016,0.9502494,0.9052155,0.8880846,0.92195773,0.9631554,0.84182155,0.9220052,0.9625251,0.9236588,0.97088623,0.93109864,0.99958
4ih5,4.11,0.04103643,0.02026215,0.0376831,0.0016439,0.01164246,0.16168484,0.10853446,0.21452656,0.02242565,0.02728453,0.00753441,0.3333929,0.41339907,0.21475106,0.09362197,0.10350364,0.13811564,0.12174305,0.05106023,0.02806279,0.00338897,0.23958549,0.02111092,0.02333432,0.00287369,0.01105621,0.03208247,0.02008715,0.04154533,0.06531444,0.14205
4ih7,5.24,0.83197236,0.9748008,0.61718315,0.96409583,0.86872435,0.59194946,0.76489925,0.91881627,0.89311665,0.96152306,0.9709797,0.95540774,0.5121203,0.9584136,0.9254122,0.79564667,0.8193682,0.9163414,0.7006065,0.9509604,0.92020965,0.57049316,0.9468725,0.9333426,0.8653431,0.61506736,0.87139523,0.7188939,0.9716641,0.9084209,0.84925
4ivb,8.72,0.92968154,0.9370441,0.8248298,0.9475311,0.92361605,0.8472027,0.87551,0.94380915,0.93874985,0.95695436,0.96413743,0.88316834,0.8220644,0.929623,0.7976711,0.8996431,0.91373795,0.92855036,0.8584932,0.98401916,0.9531138,0.5824867,0.95575726,0.9631523,0.8716529,0.92363656,0.8467766,0.8905275,0.94321585,0.8343309,0.93827
4ivc,10.0,0.93171036,0.956387,0.48423025,0.9530463,0.8674445,0.5567646,0.8302768,0.8798734,0.7569928,0.9076286,0.9442059,0.9472984,0.6932258,0.79010344,0.53996134,0.54535073,0.94022536,0.6673879,0.6399858,0.9923761,0.9513403,0.25388348,0.9140752,0.9368839,0.79792434,0.69053847,0.4914253,0.7453229,0.9115275,0.70916283,0.47095
4ivd,9.52,0.9266116,0.97109276,0.16411448,0.9526191,0.68974733,0.47472066,0.8190977,0.5600569,0.7246741,0.8302183,0.97246027,0.97046924,0.60809803,0.6786499,0.30911225,0.23929226,0.8712059,0.8038522,0.61890286,0.9958744,0.8059723,0.14167121,0.87604195,0.9543211,0.62276775,0.6368887,0.439541,0.88546705,0.85695744,0.68833935,0.54967
4j21,7.41,0.92537415,0.6794681,0.53077126,0.9583189,0.7519491,0.70102245,0.64129514,0.80018383,0.69578505,0.27819473,0.6951498,0.9262407,0.8963039,0.35665154,0.6286837,0.853457,0.6195543,0.6679193,0.52500296,0.5529368,0.10605028,0.5580534,0.7911056,0.9441888,0.16333291,0.39478692,0.5074754,0.6880168,0.5722661,0.2654009,0.97324
4j28,5.7,0.7321966,0.9542626,0.8594869,0.88858646,0.9171639,0.6137168,0.6537542,0.8411748,0.34735262,0.6914393,0.82607627,0.8758781,0.90461457,0.7741375,0.9485253,0.9144148,0.94502234,0.6733866,0.8644936,0.99050856,0.92099786,0.8443289,0.72859484,0.9631306,0.8921436,0.3906995,0.9134709,0.65692323,0.35759395,0.95344937,0.66066
4j3l,7.8,0.95345867,0.80612123,0.6573545,0.9547318,0.7212929,0.78677,0.7510906,0.79596627,0.73457605,0.31605148,0.71469253,0.91625303,0.91617346,0.3875742,0.62861866,0.87048507,0.5454596,0.6680775,0.6821155,0.7694676,0.37066054,0.64036417,0.8341839,0.915522,0.33327824,0.63668,0.66380686,0.79341984,0.7430085,0.76485515,0.97526
4jfs,5.27,0.57076883,0.40432233,0.18861303,0.00081795,0.69358927,0.5597382,0.481178,0.92459226,0.10644051,0.03296441,0.5400056,0.8068254,0.24695134,0.6142072,0.9414817,0.9234601,0.9441134,0.30425227,0.6858366,0.8505033,0.6012239,0.4823014,0.75660104,0.79181236,0.7871096,0.37061125,0.7175045,0.82409495,0.30592385,0.9535785,0.4183
4jia,9.22,0.93466663,0.9065794,0.8829001,0.99160296,0.92479736,0.93591774,0.91717446,0.9544388,0.968096,0.94507617,0.9683658,0.93506104,0.9078909,0.92695355,0.89327943,0.9246855,0.93776685,0.979476,0.92315423,0.92581034,0.86176527,0.87434137,0.898181,0.9631407,0.9194917,0.95105827,0.9287741,0.9259441,0.9742893,0.94685626,0.99969
4jsz,2.3,0.03604454,0.01349857,0.00429562,0.00018549,0.00194794,0.0005646,0.03436249,0.00977412,0.00077793,0.0023551,1.1133883e-05,0.00029442,0.00685,0.00918248,0.02825034,0.00022247,0.008452,0.01848477,0.00027281,0.00331348,1.2314786e-06,0.00344718,0.00478536,0.00041205,0.00072426,7.8845e-05,0.00638804,0.00197706,0.0075132,0.00048631,0.00222
4jxs,4.74,0.07981142,0.30967253,0.20642373,0.14618945,0.47181892,0.3173226,0.42271817,0.17199966,0.39425167,0.6124656,0.23068583,0.6861601,0.1692734,0.48125073,0.20620096,0.28430128,0.15763518,0.41640908,0.71211565,0.6933487,0.38512093,0.3252626,0.19731873,0.409145,0.35382456,0.7905124,0.3767901,0.24598831,0.33405274,0.7539439,0.16598
4k18,8.96,0.06058928,0.00570494,0.01028359,0.00190666,0.00387248,0.10007623,0.00908697,0.01947922,0.01829904,0.00763047,0.01381087,0.10678998,0.01493651,0.00717807,0.00231144,0.02967006,0.0156208,0.04188123,0.07480168,0.12752861,0.00234818,0.01612502,0.05441156,0.18445069,0.04194191,0.0317449,0.0121074,0.00624529,0.04532197,0.17275584,0.03541
4k77,6.63,0.9287207,0.871927,0.7742988,0.9753734,0.9350134,0.76390797,0.8627267,0.9341789,0.59817386,0.8911725,0.8919382,0.82372767,0.8701228,0.70449114,0.9080593,0.8789927,0.93182695,0.7115859,0.8451749,0.9223567,0.6032993,0.86611456,0.9010751,0.9461124,0.69372857,0.7599968,0.85562044,0.8854238,0.9304594,0.7498772,0.9887
4kz6,3.1,0.01233131,0.04864261,0.08772275,0.00263298,0.01682359,0.05704251,0.03011289,0.13641405,0.09570473,0.00254628,0.00225073,0.00486135,0.02422032,0.15868935,0.01325417,0.00472918,0.01957244,0.0275265,0.01066822,0.00762403,0.00030518,0.00905064,0.1011892,0.00524461,0.00390819,0.01378852,0.09831691,0.03931391,0.02003372,0.0597302,0.03628
4kzq,6.1,0.9535284,0.9413645,0.72875464,0.92834544,0.6927479,0.81100994,0.658906,0.91772115,0.8622992,0.94490886,0.86402047,0.9047648,0.90111196,0.6158388,0.78888375,0.8485398,0.52352923,0.66662383,0.89041793,0.8140619,0.34159067,0.6100593,0.7193693,0.96068525,0.20976019,0.786224,0.6590335,0.8208883,0.6285031,0.77954483,0.88435
4kzu,6.5,0.95215005,0.7731347,0.66994417,0.9690328,0.6555481,0.8096801,0.5586725,0.90426636,0.825632,0.92708814,0.8307295,0.8788506,0.88647646,0.69594276,0.82323855,0.8943427,0.73360556,0.6645589,0.89627016,0.6643949,0.2622205,0.6893029,0.75589013,0.93685496,0.33651263,0.58703685,0.8198581,0.8186118,0.6816546,0.8360351,0.95732
4llx,2.89,0.0524886,0.00995854,0.00621644,0.00019947,0.00180113,0.00509897,0.02285171,0.05201146,0.00170431,0.00062093,0.00360185,0.00243825,0.04302359,0.01261616,0.01167729,0.04283154,0.00317439,0.00986168,0.0127115,0.00608683,0.00063252,0.00665826,0.02377284,0.00263825,0.0016557,0.00075933,0.00167283,0.02500293,0.0137352,0.00616419,0.01509
4lzs,4.8,0.46402636,0.6548897,0.08056092,0.93873894,0.830505,0.9089146,0.63075095,0.7753247,0.92859125,0.73171514,0.86693466,0.53926927,0.48987362,0.3156319,0.79550874,0.46517974,0.5376187,0.43416014,0.36897618,0.9292102,0.49140513,0.44867447,0.6293546,0.928081,0.4162521,0.3499508,0.41759652,0.73711944,0.66724503,0.7988657,0.93385
4m0y,6.46,0.17771438,0.03140551,0.11767536,0.01447618,0.46095487,0.33940673,0.32221702,0.43644336,0.26733097,0.14360124,0.02229106,0.20652905,0.6128746,0.15627512,0.25174588,0.79808384,0.0668084,0.05472311,0.42098224,0.32847488,0.4133777,0.22081965,0.24431637,0.05852312,0.2952243,0.18758929,0.28940174,0.61441004,0.5334913,0.45733896,0.74765
4m0z,5.19,0.89802754,0.6186738,0.31377065,0.27854884,0.819423,0.7622479,0.30455768,0.881384,0.92547566,0.16648576,0.75535405,0.68995947,0.9367198,0.84167403,0.9254999,0.9238461,0.38084435,0.6546675,0.4773366,0.85634863,0.6155807,0.7925631,0.24273255,0.9607724,0.83992076,0.69558096,0.6883053,0.56809366,0.84861463,0.918205,0.96575
4mgd,4.69,0.9886891,0.97359383,0.9591245,0.99884367,0.98501295,0.9548158,0.95743763,0.9629341,0.99797165,0.9883748,0.99678344,0.9928117,0.9208875,0.98692703,0.9407816,0.9248045,0.9783288,0.99103785,0.93054485,0.99141884,0.9538726,0.91715527,0.97136796,0.96296453,0.92854357,0.9849669,0.96373785,0.94965744,0.96481335,0.95169854,0.99982
4mme,6.5,0.8382554,0.01648095,0.19816056,0.38991502,0.10955223,0.52876383,0.39977244,0.68101037,0.10242614,0.36426267,0.5432031,0.24604258,0.61969644,0.02088228,0.21658346,0.6733822,0.5862843,0.6675919,0.28787947,0.1001842,0.04366153,0.53936106,0.0332889,0.07025519,0.06263807,0.8705267,0.11888841,0.82415205,0.18632966,0.19752094,0.15037
4ogj,6.79,0.95103765,0.38671133,0.62361234,0.5247981,0.8633113,0.7330468,0.76209784,0.75454295,0.88876975,0.7249874,0.04969746,0.40509003,0.6708853,0.6082227,0.7468954,0.6208807,0.6163113,0.6233705,0.4085676,0.77047825,0.39281282,0.6353521,0.7504641,0.7681492,0.84726405,0.70699096,0.28765488,0.680217,0.65437824,0.28388757,0.42797
4owm,2.96,0.15602118,0.40998256,0.2957698,0.02642643,0.03670484,0.04042268,0.03894818,0.0388931,0.51585066,0.00778341,0.00676677,0.06669545,0.17571157,0.08964527,0.03914729,0.10154697,0.15459174,0.06452531,0.02994302,0.07535475,0.03610826,0.23477376,0.1745249,0.08596814,0.02734792,0.02116928,0.04647404,0.12871793,0.056669,0.07807583,0.01123
4pcs,7.85,0.9830644,0.96662486,0.96788085,0.9869244,0.9712992,0.8053163,0.88572514,0.95073366,0.83402944,0.90117574,0.98790914,0.93689895,0.78538096,0.8070334,0.9736792,0.92392427,0.9816303,0.9401145,0.92843205,0.98709166,0.94417083,0.9445246,0.9791665,0.9611762,0.9308851,0.8933452,0.94968903,0.88584757,0.7827468,0.9536346,0.94886
4qac,9.4,0.9839022,0.8849644,0.96519065,0.8363291,0.6463191,0.92902744,0.66048133,0.96459293,0.20745757,0.72701627,0.26870388,0.9609668,0.77708983,0.6301888,0.823946,0.92460763,0.7919771,0.94670725,0.91469836,0.84749544,0.9524127,0.8464313,0.892235,0.8776518,0.8139015,0.8607063,0.94809145,0.67968845,0.5002899,0.9441965,0.71632
4qd6,8.64,0.49512586,0.5863121,0.5970491,0.06060141,0.44130793,0.6401963,0.57690704,0.44756472,0.71329606,0.1897183,0.62453574,0.47857794,0.7857275,0.63181967,0.39216468,0.74838597,0.40078333,0.67073596,0.51787287,0.683188,0.11663678,0.47108,0.31660736,0.51384574,0.10950047,0.2091833,0.5210626,0.54435587,0.74494547,0.7398132,0.10969
4rfm,10.05,0.86558867,0.9550264,0.80624115,0.94673276,0.94422966,0.8826243,0.9261093,0.899627,0.95461303,0.9022682,0.95613,0.9403139,0.88793194,0.89251685,0.8886347,0.8542359,0.88720393,0.8940008,0.800563,0.9803324,0.94443744,0.71096206,0.7522534,0.9631258,0.8077752,0.9271483,0.92606854,0.8938991,0.9552667,0.9531666,0.91936
4tmn,10.17,0.44996932,0.6785579,0.32603714,0.9703298,0.2914927,0.60116875,0.6749397,0.3267976,0.8664035,0.92670584,0.93544805,0.26072133,0.12425256,0.9819226,0.5397668,0.912786,0.76742375,0.03332061,0.40987685,0.50999033,0.6439072,0.92334056,0.55486745,0.28856832,0.76710165,0.71949494,0.8689139,0.51964575,0.67905074,0.95325446,0.67506
4twp,10.0,0.852345,0.86367345,0.8121046,0.07634601,0.5604787,0.24662933,0.54444474,0.93249434,0.0761826,0.31410825,0.79216397,0.8393649,0.55831486,0.32934615,0.5734207,0.80375516,0.49972045,0.6964061,0.7243325,0.88620317,0.2697024,0.3694145,0.89817435,0.3961994,0.16658726,0.04277408,0.34600967,0.43867174,0.33199403,0.57048184,0.94933
4ty7,9.52,0.42943406,0.7543521,0.2727883,0.9743722,0.90982294,0.76064825,0.8876833,0.9300678,0.20386621,0.95154107,0.9179697,0.76650846,0.20671839,0.4872579,0.44221634,0.17274222,0.23848796,0.3218042,0.35177267,0.43103236,0.6222108,0.42290682,0.852553,0.95183563,0.03286749,0.04240799,0.5348144,0.5638156,0.60770303,0.2207205,0.42997
4u4s,2.92,0.04230449,0.03455344,0.0143415,0.0029228,0.02954829,0.06383762,0.00607836,0.05190903,0.24431485,0.01234654,0.11175328,0.01379371,0.119679,0.02945167,0.05926272,0.04723164,0.02025682,0.11133078,0.04133645,0.09830081,0.01549184,0.00952619,0.05157778,0.00802717,0.0248383,0.03697526,0.01492167,0.05786461,0.03887838,0.07974538,0.0395
4w9c,4.65,0.67476606,0.25125968,0.652972,0.15070024,0.44044474,0.8159244,0.71826345,0.69195294,0.92004395,0.648816,0.46823356,0.90667295,0.82852054,0.6422215,0.51832134,0.90467095,0.877795,0.3439975,0.6396299,0.40255684,0.34721524,0.7333102,0.75572574,0.78527963,0.53887445,0.85383916,0.6320197,0.34313726,0.519865,0.8252795,0.67987
4w9h,6.73,0.9928404,0.9765031,0.955675,0.9974329,0.9804425,0.9689015,0.9658148,0.97829115,0.9862171,0.98465407,0.9879596,0.9905534,0.930816,0.94940156,0.9469426,0.92405796,0.97199,0.97444904,0.93060464,0.9911156,0.95290315,0.89386404,0.9574201,0.96309394,0.9312804,0.9947469,0.98596525,0.94151205,0.9705595,0.95364904,0.99865
4w9i,5.96,0.9923028,0.9803804,0.9595094,0.9987906,0.98227906,0.97645265,0.9681097,0.98123324,0.98582584,0.9859276,0.98805034,0.99425626,0.9366152,0.9621124,0.94748694,0.9241101,0.9740993,0.9749273,0.93131113,0.99243355,0.95302665,0.9183736,0.9510039,0.9631171,0.93150675,0.9988147,0.9844535,0.959227,0.98390853,0.9536923,0.98823
4w9l,5.02,0.99282527,0.9895978,0.9329004,0.99691606,0.99161947,0.968971,0.9752988,0.9865792,0.97610086,0.98498607,0.99286336,0.99316394,0.9251957,0.94949853,0.9595978,0.92392266,0.98475707,0.96871,0.9306203,0.99340004,0.9528017,0.92092097,0.9244981,0.9630669,0.9262955,0.9954505,0.98880965,0.9417653,0.9865875,0.95370233,0.98473
4wiv,6.26,0.95362383,0.65502626,0.6737254,0.9949894,0.94585073,0.8834311,0.7461193,0.96619415,0.90640163,0.71902883,0.487512,0.95911705,0.79481137,0.62234694,0.5898344,0.83643496,0.9176264,0.9214215,0.78836274,0.9312372,0.23958838,0.81748295,0.6731884,0.84338415,0.9211303,0.9170358,0.8298733,0.77427363,0.90520966,0.877461,0.68304
4x6p,8.3,0.03319722,0.0246594,0.01364061,0.11097464,0.39296058,0.5560081,0.15581924,0.55260086,0.2855122,0.01094693,0.8856133,0.0044381,0.3649662,0.05105972,0.12671778,0.6471349,0.17073494,0.30459392,0.51359624,0.22255638,0.38855475,0.11858922,0.0300335,0.6136174,0.27917442,0.0666241,0.04455793,0.1625297,0.6515986,0.8135384,0.36115
5a7b,3.57,0.06591409,0.43926382,0.22294721,0.52770686,0.02178416,0.48526636,0.2122631,0.00871924,0.5220045,0.08285895,0.16750634,0.22288325,0.09433085,0.26131645,0.09747863,0.13797984,0.09108177,0.23033664,0.04913786,0.06413659,0.01545468,0.07045013,0.28861368,0.09771442,0.33538073,0.5283816,0.03200972,0.02139276,0.2237202,0.10303852,0.05228
5aba,2.98,0.0105707,0.02019009,0.02096269,0.00023085,0.02272266,0.07918245,0.01314512,0.04431543,0.01837659,0.00189602,0.00551733,0.00377646,0.04824999,0.02047992,0.10518631,0.01968256,0.01000613,0.11173341,0.08996662,0.00184664,0.00072464,0.04368848,0.01817527,0.18212369,0.05504724,0.04301775,0.01813185,0.03247282,0.02171043,0.01561493,0.00273
5c28,5.66,0.13299641,0.00981188,0.02067554,0.01013729,0.00690815,0.00502086,0.01882377,0.06757218,0.01763368,0.01513803,0.25117874,0.0111267,0.26055264,0.04050848,0.01383621,0.02787542,0.02265555,0.0154928,0.01174417,0.00305429,0.00076094,0.03540313,0.01071656,0.05305237,0.00454548,0.00797933,0.00535083,0.05872482,0.03866556,0.00192934,0.4187
5c2h,11.09,0.28531766,0.16993639,0.65369725,0.08596224,0.0028615,0.08725286,0.05878121,0.46233758,0.00284603,0.00701952,0.01716286,0.19352934,0.7728003,0.7408063,0.46574658,0.4993136,0.1600335,0.06395966,0.24909976,0.09656319,0.12064782,0.48712638,0.13190201,0.11422667,0.23984924,0.26556796,0.16243488,0.07970795,0.39410883,0.01578286,0.23831
5dwr,11.22,0.10935706,0.01604104,0.0763981,0.00404567,0.40767843,0.09175789,0.05664581,0.2094082,0.16709661,0.04390231,0.11007097,0.3509263,0.03085011,0.04765186,0.08158299,0.0226447,0.08666843,0.05581245,0.10042945,0.06305918,0.00865877,0.07386318,0.2538132,0.05438128,0.04644656,0.05178618,0.01576138,0.03701258,0.07622302,0.06595156,0.59559
5tmn,8.04,0.87536013,0.87590826,0.7121128,0.99313736,0.8033304,0.7338354,0.7659457,0.80692756,0.830114,0.92668486,0.96433806,0.6825659,0.2837075,0.9892947,0.4926836,0.921542,0.9483931,0.17788902,0.8738729,0.5387716,0.8176367,0.919129,0.62123346,0.89159024,0.9166549,0.9557587,0.98076576,0.4261452,0.84090334,0.9537556,0.83724
